tf_id,agent_tf_id,task_id,env,task_name,app_id,app_name,app_pit,output_name,tf_type,status,start_time,end_time,duration,cnt_test_runs,cnt_alerts,cnt_breaks,cnt_metrics,tf_io_type,error,description,query_str,query_vars,labels,prev_query,prev_query_vars,inputs
97696,37,7023,default,polaris-bhv4-ten-percent,8,polaris-bhv4-ten-percent,2026-07-20T21:30:11,,head,COMPLETED,2026-07-20T21:44:34.210000+00:00,2026-07-20T21:44:34.282000+00:00,0.072,,,,,internal,,first at DeltaUtils.scala:18 (GlobalLimit),"GlobalLimit($VAR_1$)
:- LocalLimit($VAR_1$)
   :- Sort([version DESC NULLS LAST], true)
      :- LocalRelation([version, timestamp, userId, userName, operation, operationParameters, job, notebook, clusterId, readVersion, isolationLevel, isBlindAppend, operationMetrics, userMetadata, engineInfo])
","{""$VAR_1$"":""1""}",,,,
97694,36,7023,default,polaris-bhv4-ten-percent,8,polaris-bhv4-ten-percent,2026-07-20T21:30:11,,count,COMPLETED,2026-07-20T21:44:34.078000+00:00,2026-07-20T21:44:34.204000+00:00,0.126,,,,,internal,,count at DeltaUtils.scala:16 (Aggregate),"Aggregate([count($VAR_1$) AS count])
:- LocalRelation()
","{""$VAR_1$"":""1""}",,,,
97692,35,7023,default,polaris-bhv4-ten-percent,8,polaris-bhv4-ten-percent,2026-07-20T21:30:11,,collect,COMPLETED,2026-07-20T21:44:33.246000+00:00,2026-07-20T21:44:34.065000+00:00,0.819,,,,,internal,,getHistory at DeltaTableOperations.scala:57 (SerializeFromObject),"SerializeFromObject([unwrapoption(LongType, knownnotnull(assertnotnull(input[0, org.apache.spark.sql.delta.DeltaHistory, true])).version) AS version, staticinvoke(class org.apache.spark.sql.catalyst.util.DateTimeUtils$, TimestampType, fromJavaTimestamp, knownnotnull(assertnotnull(input[0, org.apache.spark.sql.delta.DeltaHistory, true])).timestamp, true, false, true) AS timestamp, staticinvoke(class org.apache.spark.unsafe.types.UTF8String, StringType, fromString, unwrapoption(ObjectType(class java.lang.String), knownnotnull(assertnotnull(input[0, org.apache.spark.sql.delta.DeltaHistory, true])).userId), true, false, true) AS userId, staticinvoke(class org.apache.spark.unsafe.types.UTF8String, StringType, fromString, unwrapoption(ObjectType(class java.lang.String), knownnotnull(assertnotnull(input[0, org.apache.spark.sql.delta.DeltaHistory, true])).userName), true, false, true) AS userName, staticinvoke(class org.apache.spark.unsafe.types.UTF8String, StringType, fromString, knownnotnull(assertnotnull(input[0, org.apache.spark.sql.delta.DeltaHistory, true])).operation, true, false, true) AS operation, externalmaptocatalyst(lambdavariable(ExternalMapToCatalyst_key, ObjectType(class java.lang.Object), true, -1), staticinvoke(class org.apache.spark.unsafe.types.UTF8String, StringType, fromString, validateexternaltype(lambdavariable(ExternalMapToCatalyst_key, ObjectType(class java.lang.Object), true, -1), StringType, ObjectType(class java.lang.String)), true, false, true), lambdavariable(ExternalMapToCatalyst_value, ObjectType(class java.lang.Object), true, -2), staticinvoke(class org.apache.spark.unsafe.types.UTF8String, StringType, fromString, validateexternaltype(lambdavariable(ExternalMapToCatalyst_value, ObjectType(class java.lang.Object), true, -2), StringType, ObjectType(class java.lang.String)), true, false, true), knownnotnull(assertnotnull(input[0, org.apache.spark.sql.delta.DeltaHistory, true])).operationParameters) AS operationParameters, (IF((unwrapoption(ObjectType(class org.apache.spark.sql.delta.actions.JobInfo), knownnotnull(assertnotnull(input[0, org.apache.spark.sql.delta.DeltaHistory, true])).job) IS NULL), $VAR_1$, named_struct($VAR_2$, staticinvoke(class org.apache.spark.unsafe.types.UTF8String, StringType, fromString, knownnotnull(unwrapoption(ObjectType(class org.apache.spark.sql.delta.actions.JobInfo), knownnotnull(assertnotnull(input[0, org.apache.spark.sql.delta.DeltaHistory, true])).job)).jobId, true, false, true), $VAR_3$, staticinvoke(class org.apache.spark.unsafe.types.UTF8String, StringType, fromString, knownnotnull(unwrapoption(ObjectType(class org.apache.spark.sql.delta.actions.JobInfo), knownnotnull(assertnotnull(input[0, org.apache.spark.sql.delta.DeltaHistory, true])).job)).jobName, true, false, true), $VAR_4$, staticinvoke(class org.apache.spark.unsafe.types.UTF8String, StringType, fromString, knownnotnull(unwrapoption(ObjectType(class org.apache.spark.sql.delta.actions.JobInfo), knownnotnull(assertnotnull(input[0, org.apache.spark.sql.delta.DeltaHistory, true])).job)).jobRunId, true, false, true), $VAR_5$, staticinvoke(class org.apache.spark.unsafe.types.UTF8String, StringType, fromString, knownnotnull(unwrapoption(ObjectType(class org.apache.spark.sql.delta.actions.JobInfo), knownnotnull(assertnotnull(input[0, org.apache.spark.sql.delta.DeltaHistory, true])).job)).runId, true, false, true), $VAR_6$, staticinvoke(class org.apache.spark.unsafe.types.UTF8String, StringType, fromString, knownnotnull(unwrapoption(ObjectType(class org.apache.spark.sql.delta.actions.JobInfo), knownnotnull(assertnotnull(input[0, org.apache.spark.sql.delta.DeltaHistory, true])).job)).jobOwnerId, true, false, true), $VAR_7$, staticinvoke(class org.apache.spark.unsafe.types.UTF8String, StringType, fromString, knownnotnull(unwrapoption(ObjectType(class org.apache.spark.sql.delta.actions.JobInfo), knownnotnull(assertnotnull(input[0, org.apache.spark.sql.delta.DeltaHistory, true])).job)).triggerType, true, false, true)))) AS job, (IF((unwrapoption(ObjectType(class org.apache.spark.sql.delta.actions.NotebookInfo), knownnotnull(assertnotnull(input[0, org.apache.spark.sql.delta.DeltaHistory, true])).notebook) IS NULL), $VAR_1$, named_struct($VAR_8$, staticinvoke(class org.apache.spark.unsafe.types.UTF8String, StringType, fromString, knownnotnull(unwrapoption(ObjectType(class org.apache.spark.sql.delta.actions.NotebookInfo), knownnotnull(assertnotnull(input[0, org.apache.spark.sql.delta.DeltaHistory, true])).notebook)).notebookId, true, false, true)))) AS notebook, staticinvoke(class org.apache.spark.unsafe.types.UTF8String, StringType, fromString, unwrapoption(ObjectType(class java.lang.String), knownnotnull(assertnotnull(input[0, org.apache.spark.sql.delta.DeltaHistory, true])).clusterId), true, false, true) AS clusterId, unwrapoption(LongType, knownnotnull(assertnotnull(input[0, org.apache.spark.sql.delta.DeltaHistory, true])).readVersion) AS readVersion, staticinvoke(class org.apache.spark.unsafe.types.UTF8String, StringType, fromString, unwrapoption(ObjectType(class java.lang.String), knownnotnull(assertnotnull(input[0, org.apache.spark.sql.delta.DeltaHistory, true])).isolationLevel), true, false, true) AS isolationLevel, unwrapoption(BooleanType, knownnotnull(assertnotnull(input[0, org.apache.spark.sql.delta.DeltaHistory, true])).isBlindAppend) AS isBlindAppend, externalmaptocatalyst(lambdavariable(ExternalMapToCatalyst_key, ObjectType(class java.lang.Object), true, -3), staticinvoke(class org.apache.spark.unsafe.types.UTF8String, StringType, fromString, validateexternaltype(lambdavariable(ExternalMapToCatalyst_key, ObjectType(class java.lang.Object), true, -3), StringType, ObjectType(class java.lang.String)), true, false, true), lambdavariable(ExternalMapToCatalyst_value, ObjectType(class java.lang.Object), true, -4), staticinvoke(class org.apache.spark.unsafe.types.UTF8String, StringType, fromString, validateexternaltype(lambdavariable(ExternalMapToCatalyst_value, ObjectType(class java.lang.Object), true, -4), StringType, ObjectType(class java.lang.String)), true, false, true), unwrapoption(ObjectType(interface scala.collection.immutable.Map), knownnotnull(assertnotnull(input[0, org.apache.spark.sql.delta.DeltaHistory, true])).operationMetrics)) AS operationMetrics, staticinvoke(class org.apache.spark.unsafe.types.UTF8String, StringType, fromString, unwrapoption(ObjectType(class java.lang.String), knownnotnull(assertnotnull(input[0, org.apache.spark.sql.delta.DeltaHistory, true])).userMetadata), true, false, true) AS userMetadata, staticinvoke(class org.apache.spark.unsafe.types.UTF8String, StringType, fromString, unwrapoption(ObjectType(class java.lang.String), knownnotnull(assertnotnull(input[0, org.apache.spark.sql.delta.DeltaHistory, true])).engineInfo), true, false, true) AS engineInfo])
:- MapPartitions($VAR_9$, obj)
   :- DeserializeToObject(staticinvoke(class java.lang.Long, ObjectType(class java.lang.Long), valueOf, id, true, false, true), obj)
      :- Range(316, 1197, 1, 50, [id], false)
","{""$VAR_1$"":""NULL"",""$VAR_2$"":""'jobId'"",""$VAR_3$"":""'jobName'"",""$VAR_4$"":""'jobRunId'"",""$VAR_5$"":""'runId'"",""$VAR_6$"":""'jobOwnerId'"",""$VAR_7$"":""'triggerType'"",""$VAR_8$"":""'notebookId'"",""$VAR_9$"":""org.apache.spark.sql.delta.DeltaHistoryManager$$Lambda$7221/0x00007f2c4dc8f4b0@5de08e61""}",,,,
97689,34,7023,default,polaris-bhv4-ten-percent,8,polaris-bhv4-ten-percent,2026-07-20T21:30:11,,head,COMPLETED,2026-07-20T21:44:02.630000+00:00,2026-07-20T21:44:02.676000+00:00,0.046,,,,,internal,,first at DeltaUtils.scala:18 (GlobalLimit),"GlobalLimit($VAR_1$)
:- LocalLimit($VAR_1$)
   :- Sort([version DESC NULLS LAST], true)
      :- LocalRelation([version, timestamp, userId, userName, operation, operationParameters, job, notebook, clusterId, readVersion, isolationLevel, isBlindAppend, operationMetrics, userMetadata, engineInfo])
","{""$VAR_1$"":""1""}",,,,
97687,33,7023,default,polaris-bhv4-ten-percent,8,polaris-bhv4-ten-percent,2026-07-20T21:30:11,,count,COMPLETED,2026-07-20T21:44:02.401000+00:00,2026-07-20T21:44:02.625000+00:00,0.224,,,,,internal,,count at DeltaUtils.scala:16 (Aggregate),"Aggregate([count($VAR_1$) AS count])
:- LocalRelation()
","{""$VAR_1$"":""1""}",,,,
97682,32,7023,default,polaris-bhv4-ten-percent,8,polaris-bhv4-ten-percent,2026-07-20T21:30:11,,collect,COMPLETED,2026-07-20T21:43:48.309000+00:00,2026-07-20T21:44:02.387000+00:00,14.078,,,,,internal,,getHistory at DeltaTableOperations.scala:57 (SerializeFromObject),"SerializeFromObject([unwrapoption(LongType, knownnotnull(assertnotnull(input[0, org.apache.spark.sql.delta.DeltaHistory, true])).version) AS version, staticinvoke(class org.apache.spark.sql.catalyst.util.DateTimeUtils$, TimestampType, fromJavaTimestamp, knownnotnull(assertnotnull(input[0, org.apache.spark.sql.delta.DeltaHistory, true])).timestamp, true, false, true) AS timestamp, staticinvoke(class org.apache.spark.unsafe.types.UTF8String, StringType, fromString, unwrapoption(ObjectType(class java.lang.String), knownnotnull(assertnotnull(input[0, org.apache.spark.sql.delta.DeltaHistory, true])).userId), true, false, true) AS userId, staticinvoke(class org.apache.spark.unsafe.types.UTF8String, StringType, fromString, unwrapoption(ObjectType(class java.lang.String), knownnotnull(assertnotnull(input[0, org.apache.spark.sql.delta.DeltaHistory, true])).userName), true, false, true) AS userName, staticinvoke(class org.apache.spark.unsafe.types.UTF8String, StringType, fromString, knownnotnull(assertnotnull(input[0, org.apache.spark.sql.delta.DeltaHistory, true])).operation, true, false, true) AS operation, externalmaptocatalyst(lambdavariable(ExternalMapToCatalyst_key, ObjectType(class java.lang.Object), true, -1), staticinvoke(class org.apache.spark.unsafe.types.UTF8String, StringType, fromString, validateexternaltype(lambdavariable(ExternalMapToCatalyst_key, ObjectType(class java.lang.Object), true, -1), StringType, ObjectType(class java.lang.String)), true, false, true), lambdavariable(ExternalMapToCatalyst_value, ObjectType(class java.lang.Object), true, -2), staticinvoke(class org.apache.spark.unsafe.types.UTF8String, StringType, fromString, validateexternaltype(lambdavariable(ExternalMapToCatalyst_value, ObjectType(class java.lang.Object), true, -2), StringType, ObjectType(class java.lang.String)), true, false, true), knownnotnull(assertnotnull(input[0, org.apache.spark.sql.delta.DeltaHistory, true])).operationParameters) AS operationParameters, (IF((unwrapoption(ObjectType(class org.apache.spark.sql.delta.actions.JobInfo), knownnotnull(assertnotnull(input[0, org.apache.spark.sql.delta.DeltaHistory, true])).job) IS NULL), $VAR_1$, named_struct($VAR_2$, staticinvoke(class org.apache.spark.unsafe.types.UTF8String, StringType, fromString, knownnotnull(unwrapoption(ObjectType(class org.apache.spark.sql.delta.actions.JobInfo), knownnotnull(assertnotnull(input[0, org.apache.spark.sql.delta.DeltaHistory, true])).job)).jobId, true, false, true), $VAR_3$, staticinvoke(class org.apache.spark.unsafe.types.UTF8String, StringType, fromString, knownnotnull(unwrapoption(ObjectType(class org.apache.spark.sql.delta.actions.JobInfo), knownnotnull(assertnotnull(input[0, org.apache.spark.sql.delta.DeltaHistory, true])).job)).jobName, true, false, true), $VAR_4$, staticinvoke(class org.apache.spark.unsafe.types.UTF8String, StringType, fromString, knownnotnull(unwrapoption(ObjectType(class org.apache.spark.sql.delta.actions.JobInfo), knownnotnull(assertnotnull(input[0, org.apache.spark.sql.delta.DeltaHistory, true])).job)).jobRunId, true, false, true), $VAR_5$, staticinvoke(class org.apache.spark.unsafe.types.UTF8String, StringType, fromString, knownnotnull(unwrapoption(ObjectType(class org.apache.spark.sql.delta.actions.JobInfo), knownnotnull(assertnotnull(input[0, org.apache.spark.sql.delta.DeltaHistory, true])).job)).runId, true, false, true), $VAR_6$, staticinvoke(class org.apache.spark.unsafe.types.UTF8String, StringType, fromString, knownnotnull(unwrapoption(ObjectType(class org.apache.spark.sql.delta.actions.JobInfo), knownnotnull(assertnotnull(input[0, org.apache.spark.sql.delta.DeltaHistory, true])).job)).jobOwnerId, true, false, true), $VAR_7$, staticinvoke(class org.apache.spark.unsafe.types.UTF8String, StringType, fromString, knownnotnull(unwrapoption(ObjectType(class org.apache.spark.sql.delta.actions.JobInfo), knownnotnull(assertnotnull(input[0, org.apache.spark.sql.delta.DeltaHistory, true])).job)).triggerType, true, false, true)))) AS job, (IF((unwrapoption(ObjectType(class org.apache.spark.sql.delta.actions.NotebookInfo), knownnotnull(assertnotnull(input[0, org.apache.spark.sql.delta.DeltaHistory, true])).notebook) IS NULL), $VAR_1$, named_struct($VAR_8$, staticinvoke(class org.apache.spark.unsafe.types.UTF8String, StringType, fromString, knownnotnull(unwrapoption(ObjectType(class org.apache.spark.sql.delta.actions.NotebookInfo), knownnotnull(assertnotnull(input[0, org.apache.spark.sql.delta.DeltaHistory, true])).notebook)).notebookId, true, false, true)))) AS notebook, staticinvoke(class org.apache.spark.unsafe.types.UTF8String, StringType, fromString, unwrapoption(ObjectType(class java.lang.String), knownnotnull(assertnotnull(input[0, org.apache.spark.sql.delta.DeltaHistory, true])).clusterId), true, false, true) AS clusterId, unwrapoption(LongType, knownnotnull(assertnotnull(input[0, org.apache.spark.sql.delta.DeltaHistory, true])).readVersion) AS readVersion, staticinvoke(class org.apache.spark.unsafe.types.UTF8String, StringType, fromString, unwrapoption(ObjectType(class java.lang.String), knownnotnull(assertnotnull(input[0, org.apache.spark.sql.delta.DeltaHistory, true])).isolationLevel), true, false, true) AS isolationLevel, unwrapoption(BooleanType, knownnotnull(assertnotnull(input[0, org.apache.spark.sql.delta.DeltaHistory, true])).isBlindAppend) AS isBlindAppend, externalmaptocatalyst(lambdavariable(ExternalMapToCatalyst_key, ObjectType(class java.lang.Object), true, -3), staticinvoke(class org.apache.spark.unsafe.types.UTF8String, StringType, fromString, validateexternaltype(lambdavariable(ExternalMapToCatalyst_key, ObjectType(class java.lang.Object), true, -3), StringType, ObjectType(class java.lang.String)), true, false, true), lambdavariable(ExternalMapToCatalyst_value, ObjectType(class java.lang.Object), true, -4), staticinvoke(class org.apache.spark.unsafe.types.UTF8String, StringType, fromString, validateexternaltype(lambdavariable(ExternalMapToCatalyst_value, ObjectType(class java.lang.Object), true, -4), StringType, ObjectType(class java.lang.String)), true, false, true), unwrapoption(ObjectType(interface scala.collection.immutable.Map), knownnotnull(assertnotnull(input[0, org.apache.spark.sql.delta.DeltaHistory, true])).operationMetrics)) AS operationMetrics, staticinvoke(class org.apache.spark.unsafe.types.UTF8String, StringType, fromString, unwrapoption(ObjectType(class java.lang.String), knownnotnull(assertnotnull(input[0, org.apache.spark.sql.delta.DeltaHistory, true])).userMetadata), true, false, true) AS userMetadata, staticinvoke(class org.apache.spark.unsafe.types.UTF8String, StringType, fromString, unwrapoption(ObjectType(class java.lang.String), knownnotnull(assertnotnull(input[0, org.apache.spark.sql.delta.DeltaHistory, true])).engineInfo), true, false, true) AS engineInfo])
:- MapPartitions($VAR_9$, obj)
   :- DeserializeToObject(staticinvoke(class java.lang.Long, ObjectType(class java.lang.Long), valueOf, id, true, false, true), obj)
      :- Range(316, 1196, 1, 50, [id], false)
","{""$VAR_1$"":""NULL"",""$VAR_2$"":""'jobId'"",""$VAR_3$"":""'jobName'"",""$VAR_4$"":""'jobRunId'"",""$VAR_5$"":""'runId'"",""$VAR_6$"":""'jobOwnerId'"",""$VAR_7$"":""'triggerType'"",""$VAR_8$"":""'notebookId'"",""$VAR_9$"":""org.apache.spark.sql.delta.DeltaHistoryManager$$Lambda$7221/0x00007f2c4dc8f4b0@3c291173""}",,,,
97679,30,7023,default,polaris-bhv4-ten-percent,8,polaris-bhv4-ten-percent,2026-07-20T21:30:11,abfss://ten-percent@bh4tenpctprod.dfs.core.windows.net/delta,file,COMPLETED,2026-07-20T21:43:47.508000+00:00,2026-07-20T21:44:32.494000+00:00,44.986,,,,9,output,,save at FormatSparkWriter.scala:28 (SaveIntoDataSourceCommand),"SaveIntoDataSourceCommand($VAR_1$, $VAR_2$, Append)
   :- Filter((rand($VAR_3$) < ($VAR_4$ / ($VAR_5$ / $VAR_5$))))
      :- DataSourceV2Relation($VAR_6$, [cpcode, ts, ip, host, path, user_agent, status_code, http_method, header_order_fingerprinting, query, referer, accept_language, content_type, header_size, cookie, start_time, global_id, request_checksum, tcp_fingerprinting, tls_fingerprinting, h2_fp, ghost_ip, akid, api_id, autopost, account, tls_fingerprinting_3, tls_extension_order, elliptic_curves_order, signature_algorithms_order], $VAR_7$)
","{""$VAR_1$"":""org.apache.spark.sql.delta.sources.DeltaDataSource@2a610a8d"",""$VAR_2$"":""[path=abfss://ten-percent@bh4tenpctprod.dfs.core.windows.net/delta, compression=zstd, delta.logretentionduration=interval 3 days, mergeschema=true, __partition_columns=[\""ts\""], zstdcompressionlevel=3]"",""$VAR_3$"":""-5672967442856736414L"",""$VAR_4$"":""'1.0'"",""$VAR_5$"":""1.0D"",""$VAR_6$"":""com.akamai.csi.guardian.knowhere.connectors.KafkaStorageTable@6e063724"",""$VAR_7$"":""[commit.offsets.state=true_1784580549956, storage.output.class=com.akamai.csi.guardian.knowhere.storage.azure.BlobStorageClientImpl, num.of.partitions=0, read.storage.account.blob.storage.endpoint=https://gamorabhv4tenpercentprod.blob.core.windows.net, read.storage.account.blob.authority.host=https://login.microsoftonline.com/, kafka.consumer.sasl.mechanism=SCRAM-SHA-512, read.storage.account.blob.connectionString=null, kafka.has.records.count.statistics=false, write.storage.account.blob.tenant.id=514876bd-5965-4b40-b0c8-e336cf72c743, avro.schema={\""type\"":\""record\"",\""name\"":\""BEHAVIORAL4\"",\""fields\"":[{\""name\"":\""cpcode\"",\""type\"":\""long\""},{\""name\"":\""ts\"",\""type\"":\""long\""},{\""name\"":\""ip\"",\""type\"":\""string\""},{\""name\"":\""host\"",\""type\"":\""string\""},{\""name\"":\""path\"",\""type\"":\""string\""},{\""name\"":\""user_agent\"",\""type\"":\""string\"",\""decode\"":\""true\""},{\""name\"":\""status_code\"",\""type\"":\""int\""},{\""name\"":\""http_method\"",\""type\"":\""string\""},{\""name\"":\""header_order_fingerprinting\"",\""type\"":\""string\""},{\""name\"":\""query\"",\""type\"":\""string\""},{\""name\"":\""referer\"",\""type\"":\""string\""},{\""name\"":\""accept_language\"",\""type\"":\""string\""},{\""name\"":\""content_type\"",\""type\"":\""string\""},{\""name\"":\""header_size\"",\""type\"":\""string\""},{\""name\"":\""cookie\"",\""type\"":\""string\""},{\""name\"":\""start_time\"",\""type\"":\""string\""},{\""name\"":\""global_id\"",\""type\"":\""string\""},{\""name\"":\""request_checksum\"",\""type\"":\""string\""},{\""name\"":\""tcp_fingerprinting\"",\""type\"":\""string\""},{\""name\"":\""tls_fingerprinting\"",\""type\"":\""string\""},{\""name\"":\""h2_fp\"",\""type\"":\""string\"",\""default\"":\""-\""},{\""name\"":\""ghost_ip\"",\""type\"":\""string\"",\""default\"":\""-\""},{\""name\"":\""akid\"",\""type\"":\""string\"",\""default\"":\""-\""},{\""name\"":\""api_id\"",\""type\"":\""string\"",\""default\"":\""-\""},{\""name\"":\""autopost\"",\""type\"":\""int\"",\""default\"":0},{\""name\"":\""account\"",\""type\"":\""string\"",\""default\"":\""-\""},{\""name\"":\""tls_fingerprinting_3\"",\""type\"":\""string\"",\""default\"":\""-\""},{\""name\"":\""tls_extension_order\"",\""type\"":\""string\"",\""default\"":\""-\""},{\""name\"":\""elliptic_curves_order\"",\""type\"":\""string\"",\""default\"":\""-\""},{\""name\"":\""signature_algorithms_order\"",\""type\"":\""string\"",\""default\"":\""-\""}]}, kafka.username=bootstrap-ajno5dmewwtaijvh, partition.max.files=50, write.storage.account.blob.storage.endpoint=https://bh4tenpctprod.blob.core.windows.net, kafka.consumer.auto.offset.reset=latest, read.storage.account.blob.container.name=gamora-behavioral4-ten-percent, spark.checkpoint.location=checkpoint, write.storage.account.blob.connectionString=null, kafka.skip.small.files.threshold=1000000, read.storage.account.blob.connection.mode=SERVICE_PRINCIPAL, write.storage.account.blob.connection.mode=SERVICE_PRINCIPAL, kafka.password=*********(redacted), kafka.topic=csi_prod_centralus_ingest.gamora-behavioral4-ten-percent, kafka.consumer.bootstrap.servers=redpanda-0.prod-redpanda.aks.prod.akamaicsi.net:31092,redpanda-1.prod-redpanda.aks.prod.akamaicsi.net:31092,redpanda-2.prod-redpanda.aks.prod.akamaicsi.net:31092,redpanda-3.prod-redpanda.aks.prod.akamaicsi.net:31092,redpanda-4.prod-redpanda.aks.prod.akamaicsi.net:31092,redpanda-5.prod-redpanda.aks.prod.akamaicsi.net:31092,redpanda-6.prod-redpanda.aks.prod.akamaicsi.net:31092,redpanda-7.prod-redpanda.aks.prod.akamaicsi.net:31092,redpanda-8.prod-redpanda.aks.prod.akamaicsi.net:31092,redpanda-9.prod-redpanda.aks.prod.akamaicsi.net:31092, read.storage.account.blob.client.secret=*********(redacted), kafka.consumer.group.id=csi_prod_centralus_ingest.polaris-bhv4-ten-percent-consumer0, kafka.poll.timeout=2000, write.storage.account.blob.container.name=ten-percent, kafka.seek.to.beginning=false, connector.name=polaris, kafka.max.total.poll.timeout.batch.sec=10, kafka.message.ttl.sec=172800, storage.input.class=com.akamai.csi.guardian.knowhere.storage.azure.BlobStorageClientImpl, kafka.consumer.max.poll.interval.ms=1800000, kafka.consumer.max.poll.records=1, write.storage.account.blob.authority.host=https://login.microsoftonline.com/, exactly.once.validation=true, read.storage.account.blob.client.id=e77b2ce2-6407-4369-bc31-52033c0efa7b, write.storage.account.blob.client.secret=*********(redacted), partition.max.memory.size=200000000, kafka.total.iteration.memory.hint=100000000000, write.storage.account.blob.client.id=e77b2ce2-6407-4369-bc31-52033c0efa7b, read.storage.account.blob.tenant.id=514876bd-5965-4b40-b0c8-e336cf72c743, kafka.consumer.security.protocol=SASL_SSL]""}",,"SaveIntoDataSourceCommand($VAR_1$, $VAR_2$, Append)
   :- Filter((rand($VAR_3$) < ($VAR_4$ / ($VAR_5$ / $VAR_5$))))
      :- DataSourceV2Relation($VAR_6$, [cpcode, ts, ip, host, path, user_agent, status_code, http_method, header_order_fingerprinting, query, referer, accept_language, content_type, header_size, cookie, start_time, global_id, request_checksum, tcp_fingerprinting, tls_fingerprinting, h2_fp, ghost_ip, akid, api_id, autopost, account, tls_fingerprinting_3, tls_extension_order, elliptic_curves_order, signature_algorithms_order], $VAR_7$)
","{""$VAR_1$"":""org.apache.spark.sql.delta.sources.DeltaDataSource@7ce32c09"",""$VAR_2$"":""[path=abfss://ten-percent@bh4tenpctprod.dfs.core.windows.net/delta, compression=zstd, delta.logretentionduration=interval 3 days, mergeschema=true, __partition_columns=[\""ts\""], zstdcompressionlevel=3]"",""$VAR_3$"":""-3032238503287821285L"",""$VAR_4$"":""'1.0'"",""$VAR_5$"":""1.0D"",""$VAR_6$"":""com.akamai.csi.guardian.knowhere.connectors.KafkaStorageTable@6515f023"",""$VAR_7$"":""[commit.offsets.state=true_1784576491960, storage.output.class=com.akamai.csi.guardian.knowhere.storage.azure.BlobStorageClientImpl, num.of.partitions=0, read.storage.account.blob.storage.endpoint=https://gamorabhv4tenpercentprod.blob.core.windows.net, read.storage.account.blob.authority.host=https://login.microsoftonline.com/, kafka.consumer.sasl.mechanism=SCRAM-SHA-512, read.storage.account.blob.connectionString=null, kafka.has.records.count.statistics=false, write.storage.account.blob.tenant.id=514876bd-5965-4b40-b0c8-e336cf72c743, avro.schema={\""type\"":\""record\"",\""name\"":\""BEHAVIORAL4\"",\""fields\"":[{\""name\"":\""cpcode\"",\""type\"":\""long\""},{\""name\"":\""ts\"",\""type\"":\""long\""},{\""name\"":\""ip\"",\""type\"":\""string\""},{\""name\"":\""host\"",\""type\"":\""string\""},{\""name\"":\""path\"",\""type\"":\""string\""},{\""name\"":\""user_agent\"",\""type\"":\""string\"",\""decode\"":\""true\""},{\""name\"":\""status_code\"",\""type\"":\""int\""},{\""name\"":\""http_method\"",\""type\"":\""string\""},{\""name\"":\""header_order_fingerprinting\"",\""type\"":\""string\""},{\""name\"":\""query\"",\""type\"":\""string\""},{\""name\"":\""referer\"",\""type\"":\""string\""},{\""name\"":\""accept_language\"",\""type\"":\""string\""},{\""name\"":\""content_type\"",\""type\"":\""string\""},{\""name\"":\""header_size\"",\""type\"":\""string\""},{\""name\"":\""cookie\"",\""type\"":\""string\""},{\""name\"":\""start_time\"",\""type\"":\""string\""},{\""name\"":\""global_id\"",\""type\"":\""string\""},{\""name\"":\""request_checksum\"",\""type\"":\""string\""},{\""name\"":\""tcp_fingerprinting\"",\""type\"":\""string\""},{\""name\"":\""tls_fingerprinting\"",\""type\"":\""string\""},{\""name\"":\""h2_fp\"",\""type\"":\""string\"",\""default\"":\""-\""},{\""name\"":\""ghost_ip\"",\""type\"":\""string\"",\""default\"":\""-\""},{\""name\"":\""akid\"",\""type\"":\""string\"",\""default\"":\""-\""},{\""name\"":\""api_id\"",\""type\"":\""string\"",\""default\"":\""-\""},{\""name\"":\""autopost\"",\""type\"":\""int\"",\""default\"":0},{\""name\"":\""account\"",\""type\"":\""string\"",\""default\"":\""-\""},{\""name\"":\""tls_fingerprinting_3\"",\""type\"":\""string\"",\""default\"":\""-\""},{\""name\"":\""tls_extension_order\"",\""type\"":\""string\"",\""default\"":\""-\""},{\""name\"":\""elliptic_curves_order\"",\""type\"":\""string\"",\""default\"":\""-\""},{\""name\"":\""signature_algorithms_order\"",\""type\"":\""string\"",\""default\"":\""-\""}]}, kafka.username=bootstrap-ajno5dmewwtaijvh, partition.max.files=50, write.storage.account.blob.storage.endpoint=https://bh4tenpctprod.blob.core.windows.net, kafka.consumer.auto.offset.reset=latest, read.storage.account.blob.container.name=gamora-behavioral4-ten-percent, spark.checkpoint.location=checkpoint, write.storage.account.blob.connectionString=null, kafka.skip.small.files.threshold=1000000, read.storage.account.blob.connection.mode=SERVICE_PRINCIPAL, write.storage.account.blob.connection.mode=SERVICE_PRINCIPAL, kafka.password=*********(redacted), kafka.topic=csi_prod_centralus_ingest.gamora-behavioral4-ten-percent, kafka.consumer.bootstrap.servers=redpanda-0.prod-redpanda.aks.prod.akamaicsi.net:31092,redpanda-1.prod-redpanda.aks.prod.akamaicsi.net:31092,redpanda-2.prod-redpanda.aks.prod.akamaicsi.net:31092,redpanda-3.prod-redpanda.aks.prod.akamaicsi.net:31092,redpanda-4.prod-redpanda.aks.prod.akamaicsi.net:31092,redpanda-5.prod-redpanda.aks.prod.akamaicsi.net:31092,redpanda-6.prod-redpanda.aks.prod.akamaicsi.net:31092,redpanda-7.prod-redpanda.aks.prod.akamaicsi.net:31092,redpanda-8.prod-redpanda.aks.prod.akamaicsi.net:31092,redpanda-9.prod-redpanda.aks.prod.akamaicsi.net:31092, read.storage.account.blob.client.secret=*********(redacted), kafka.consumer.group.id=csi_prod_centralus_ingest.polaris-bhv4-ten-percent-consumer0, kafka.poll.timeout=2000, write.storage.account.blob.container.name=ten-percent, kafka.seek.to.beginning=false, connector.name=polaris, kafka.max.total.poll.timeout.batch.sec=10, kafka.message.ttl.sec=172800, storage.input.class=com.akamai.csi.guardian.knowhere.storage.azure.BlobStorageClientImpl, kafka.consumer.max.poll.interval.ms=1800000, kafka.consumer.max.poll.records=1, write.storage.account.blob.authority.host=https://login.microsoftonline.com/, exactly.once.validation=true, read.storage.account.blob.client.id=e77b2ce2-6407-4369-bc31-52033c0efa7b, write.storage.account.blob.client.secret=*********(redacted), partition.max.memory.size=200000000, kafka.total.iteration.memory.hint=100000000000, write.storage.account.blob.client.id=e77b2ce2-6407-4369-bc31-52033c0efa7b, read.storage.account.blob.tenant.id=514876bd-5965-4b40-b0c8-e336cf72c743, kafka.consumer.security.protocol=SASL_SSL]""}","[""csi_prod_centralus_ingest.gamora-behavioral4-ten-percent""]"
97676,29,7023,default,polaris-bhv4-ten-percent,8,polaris-bhv4-ten-percent,2026-07-20T21:30:11,,head,COMPLETED,2026-07-20T21:43:30.381000+00:00,2026-07-20T21:43:30.442000+00:00,0.061,,,,,internal,,first at DeltaUtils.scala:18 (GlobalLimit),"GlobalLimit($VAR_1$)
:- LocalLimit($VAR_1$)
   :- Sort([version DESC NULLS LAST], true)
      :- LocalRelation([version, timestamp, userId, userName, operation, operationParameters, job, notebook, clusterId, readVersion, isolationLevel, isBlindAppend, operationMetrics, userMetadata, engineInfo])
","{""$VAR_1$"":""1""}",,,,
97674,28,7023,default,polaris-bhv4-ten-percent,8,polaris-bhv4-ten-percent,2026-07-20T21:30:11,,count,COMPLETED,2026-07-20T21:43:30.264000+00:00,2026-07-20T21:43:30.373000+00:00,0.109,,,,,internal,,count at DeltaUtils.scala:16 (Aggregate),"Aggregate([count($VAR_1$) AS count])
:- LocalRelation()
","{""$VAR_1$"":""1""}",,,,
97672,27,7023,default,polaris-bhv4-ten-percent,8,polaris-bhv4-ten-percent,2026-07-20T21:30:11,,collect,COMPLETED,2026-07-20T21:43:29.138000+00:00,2026-07-20T21:43:30.247000+00:00,1.109,,,,,internal,,getHistory at DeltaTableOperations.scala:57 (SerializeFromObject),"SerializeFromObject([unwrapoption(LongType, knownnotnull(assertnotnull(input[0, org.apache.spark.sql.delta.DeltaHistory, true])).version) AS version, staticinvoke(class org.apache.spark.sql.catalyst.util.DateTimeUtils$, TimestampType, fromJavaTimestamp, knownnotnull(assertnotnull(input[0, org.apache.spark.sql.delta.DeltaHistory, true])).timestamp, true, false, true) AS timestamp, staticinvoke(class org.apache.spark.unsafe.types.UTF8String, StringType, fromString, unwrapoption(ObjectType(class java.lang.String), knownnotnull(assertnotnull(input[0, org.apache.spark.sql.delta.DeltaHistory, true])).userId), true, false, true) AS userId, staticinvoke(class org.apache.spark.unsafe.types.UTF8String, StringType, fromString, unwrapoption(ObjectType(class java.lang.String), knownnotnull(assertnotnull(input[0, org.apache.spark.sql.delta.DeltaHistory, true])).userName), true, false, true) AS userName, staticinvoke(class org.apache.spark.unsafe.types.UTF8String, StringType, fromString, knownnotnull(assertnotnull(input[0, org.apache.spark.sql.delta.DeltaHistory, true])).operation, true, false, true) AS operation, externalmaptocatalyst(lambdavariable(ExternalMapToCatalyst_key, ObjectType(class java.lang.Object), true, -1), staticinvoke(class org.apache.spark.unsafe.types.UTF8String, StringType, fromString, validateexternaltype(lambdavariable(ExternalMapToCatalyst_key, ObjectType(class java.lang.Object), true, -1), StringType, ObjectType(class java.lang.String)), true, false, true), lambdavariable(ExternalMapToCatalyst_value, ObjectType(class java.lang.Object), true, -2), staticinvoke(class org.apache.spark.unsafe.types.UTF8String, StringType, fromString, validateexternaltype(lambdavariable(ExternalMapToCatalyst_value, ObjectType(class java.lang.Object), true, -2), StringType, ObjectType(class java.lang.String)), true, false, true), knownnotnull(assertnotnull(input[0, org.apache.spark.sql.delta.DeltaHistory, true])).operationParameters) AS operationParameters, (IF((unwrapoption(ObjectType(class org.apache.spark.sql.delta.actions.JobInfo), knownnotnull(assertnotnull(input[0, org.apache.spark.sql.delta.DeltaHistory, true])).job) IS NULL), $VAR_1$, named_struct($VAR_2$, staticinvoke(class org.apache.spark.unsafe.types.UTF8String, StringType, fromString, knownnotnull(unwrapoption(ObjectType(class org.apache.spark.sql.delta.actions.JobInfo), knownnotnull(assertnotnull(input[0, org.apache.spark.sql.delta.DeltaHistory, true])).job)).jobId, true, false, true), $VAR_3$, staticinvoke(class org.apache.spark.unsafe.types.UTF8String, StringType, fromString, knownnotnull(unwrapoption(ObjectType(class org.apache.spark.sql.delta.actions.JobInfo), knownnotnull(assertnotnull(input[0, org.apache.spark.sql.delta.DeltaHistory, true])).job)).jobName, true, false, true), $VAR_4$, staticinvoke(class org.apache.spark.unsafe.types.UTF8String, StringType, fromString, knownnotnull(unwrapoption(ObjectType(class org.apache.spark.sql.delta.actions.JobInfo), knownnotnull(assertnotnull(input[0, org.apache.spark.sql.delta.DeltaHistory, true])).job)).jobRunId, true, false, true), $VAR_5$, staticinvoke(class org.apache.spark.unsafe.types.UTF8String, StringType, fromString, knownnotnull(unwrapoption(ObjectType(class org.apache.spark.sql.delta.actions.JobInfo), knownnotnull(assertnotnull(input[0, org.apache.spark.sql.delta.DeltaHistory, true])).job)).runId, true, false, true), $VAR_6$, staticinvoke(class org.apache.spark.unsafe.types.UTF8String, StringType, fromString, knownnotnull(unwrapoption(ObjectType(class org.apache.spark.sql.delta.actions.JobInfo), knownnotnull(assertnotnull(input[0, org.apache.spark.sql.delta.DeltaHistory, true])).job)).jobOwnerId, true, false, true), $VAR_7$, staticinvoke(class org.apache.spark.unsafe.types.UTF8String, StringType, fromString, knownnotnull(unwrapoption(ObjectType(class org.apache.spark.sql.delta.actions.JobInfo), knownnotnull(assertnotnull(input[0, org.apache.spark.sql.delta.DeltaHistory, true])).job)).triggerType, true, false, true)))) AS job, (IF((unwrapoption(ObjectType(class org.apache.spark.sql.delta.actions.NotebookInfo), knownnotnull(assertnotnull(input[0, org.apache.spark.sql.delta.DeltaHistory, true])).notebook) IS NULL), $VAR_1$, named_struct($VAR_8$, staticinvoke(class org.apache.spark.unsafe.types.UTF8String, StringType, fromString, knownnotnull(unwrapoption(ObjectType(class org.apache.spark.sql.delta.actions.NotebookInfo), knownnotnull(assertnotnull(input[0, org.apache.spark.sql.delta.DeltaHistory, true])).notebook)).notebookId, true, false, true)))) AS notebook, staticinvoke(class org.apache.spark.unsafe.types.UTF8String, StringType, fromString, unwrapoption(ObjectType(class java.lang.String), knownnotnull(assertnotnull(input[0, org.apache.spark.sql.delta.DeltaHistory, true])).clusterId), true, false, true) AS clusterId, unwrapoption(LongType, knownnotnull(assertnotnull(input[0, org.apache.spark.sql.delta.DeltaHistory, true])).readVersion) AS readVersion, staticinvoke(class org.apache.spark.unsafe.types.UTF8String, StringType, fromString, unwrapoption(ObjectType(class java.lang.String), knownnotnull(assertnotnull(input[0, org.apache.spark.sql.delta.DeltaHistory, true])).isolationLevel), true, false, true) AS isolationLevel, unwrapoption(BooleanType, knownnotnull(assertnotnull(input[0, org.apache.spark.sql.delta.DeltaHistory, true])).isBlindAppend) AS isBlindAppend, externalmaptocatalyst(lambdavariable(ExternalMapToCatalyst_key, ObjectType(class java.lang.Object), true, -3), staticinvoke(class org.apache.spark.unsafe.types.UTF8String, StringType, fromString, validateexternaltype(lambdavariable(ExternalMapToCatalyst_key, ObjectType(class java.lang.Object), true, -3), StringType, ObjectType(class java.lang.String)), true, false, true), lambdavariable(ExternalMapToCatalyst_value, ObjectType(class java.lang.Object), true, -4), staticinvoke(class org.apache.spark.unsafe.types.UTF8String, StringType, fromString, validateexternaltype(lambdavariable(ExternalMapToCatalyst_value, ObjectType(class java.lang.Object), true, -4), StringType, ObjectType(class java.lang.String)), true, false, true), unwrapoption(ObjectType(interface scala.collection.immutable.Map), knownnotnull(assertnotnull(input[0, org.apache.spark.sql.delta.DeltaHistory, true])).operationMetrics)) AS operationMetrics, staticinvoke(class org.apache.spark.unsafe.types.UTF8String, StringType, fromString, unwrapoption(ObjectType(class java.lang.String), knownnotnull(assertnotnull(input[0, org.apache.spark.sql.delta.DeltaHistory, true])).userMetadata), true, false, true) AS userMetadata, staticinvoke(class org.apache.spark.unsafe.types.UTF8String, StringType, fromString, unwrapoption(ObjectType(class java.lang.String), knownnotnull(assertnotnull(input[0, org.apache.spark.sql.delta.DeltaHistory, true])).engineInfo), true, false, true) AS engineInfo])
:- MapPartitions($VAR_9$, obj)
   :- DeserializeToObject(staticinvoke(class java.lang.Long, ObjectType(class java.lang.Long), valueOf, id, true, false, true), obj)
      :- Range(316, 1195, 1, 50, [id], false)
","{""$VAR_1$"":""NULL"",""$VAR_2$"":""'jobId'"",""$VAR_3$"":""'jobName'"",""$VAR_4$"":""'jobRunId'"",""$VAR_5$"":""'runId'"",""$VAR_6$"":""'jobOwnerId'"",""$VAR_7$"":""'triggerType'"",""$VAR_8$"":""'notebookId'"",""$VAR_9$"":""org.apache.spark.sql.delta.DeltaHistoryManager$$Lambda$7221/0x00007f2c4dc8f4b0@51873801""}",,,,
97669,25,7023,default,polaris-bhv4-ten-percent,8,polaris-bhv4-ten-percent,2026-07-20T21:30:11,abfss://ten-percent@bh4tenpctprod.dfs.core.windows.net/delta,file,COMPLETED,2026-07-20T21:43:28.130000+00:00,2026-07-20T21:43:47.371000+00:00,19.241,,,,,output,,save at FormatSparkWriter.scala:28 (SaveIntoDataSourceCommand),"SaveIntoDataSourceCommand($VAR_1$, $VAR_2$, Append)
   :- Filter((rand($VAR_3$) < ($VAR_4$ / ($VAR_5$ / $VAR_5$))))
      :- DataSourceV2Relation($VAR_6$, [cpcode, ts, ip, host, path, user_agent, status_code, http_method, header_order_fingerprinting, query, referer, accept_language, content_type, header_size, cookie, start_time, global_id, request_checksum, tcp_fingerprinting, tls_fingerprinting, h2_fp, ghost_ip, akid, api_id, autopost, account, tls_fingerprinting_3, tls_extension_order, elliptic_curves_order, signature_algorithms_order], $VAR_7$)
","{""$VAR_1$"":""org.apache.spark.sql.delta.sources.DeltaDataSource@3f42ed38"",""$VAR_2$"":""[path=abfss://ten-percent@bh4tenpctprod.dfs.core.windows.net/delta, compression=zstd, delta.logretentionduration=interval 3 days, mergeschema=true, __partition_columns=[\""ts\""], zstdcompressionlevel=3]"",""$VAR_3$"":""7091049248141756126L"",""$VAR_4$"":""'1.0'"",""$VAR_5$"":""1.0D"",""$VAR_6$"":""com.akamai.csi.guardian.knowhere.connectors.KafkaStorageTable@4c55e89c"",""$VAR_7$"":""[commit.offsets.state=true_1784580549956, storage.output.class=com.akamai.csi.guardian.knowhere.storage.azure.BlobStorageClientImpl, num.of.partitions=0, read.storage.account.blob.storage.endpoint=https://gamorabhv4tenpercentprod.blob.core.windows.net, read.storage.account.blob.authority.host=https://login.microsoftonline.com/, kafka.consumer.sasl.mechanism=SCRAM-SHA-512, read.storage.account.blob.connectionString=null, kafka.has.records.count.statistics=false, write.storage.account.blob.tenant.id=514876bd-5965-4b40-b0c8-e336cf72c743, avro.schema={\""type\"":\""record\"",\""name\"":\""BEHAVIORAL4\"",\""fields\"":[{\""name\"":\""cpcode\"",\""type\"":\""long\""},{\""name\"":\""ts\"",\""type\"":\""long\""},{\""name\"":\""ip\"",\""type\"":\""string\""},{\""name\"":\""host\"",\""type\"":\""string\""},{\""name\"":\""path\"",\""type\"":\""string\""},{\""name\"":\""user_agent\"",\""type\"":\""string\"",\""decode\"":\""true\""},{\""name\"":\""status_code\"",\""type\"":\""int\""},{\""name\"":\""http_method\"",\""type\"":\""string\""},{\""name\"":\""header_order_fingerprinting\"",\""type\"":\""string\""},{\""name\"":\""query\"",\""type\"":\""string\""},{\""name\"":\""referer\"",\""type\"":\""string\""},{\""name\"":\""accept_language\"",\""type\"":\""string\""},{\""name\"":\""content_type\"",\""type\"":\""string\""},{\""name\"":\""header_size\"",\""type\"":\""string\""},{\""name\"":\""cookie\"",\""type\"":\""string\""},{\""name\"":\""start_time\"",\""type\"":\""string\""},{\""name\"":\""global_id\"",\""type\"":\""string\""},{\""name\"":\""request_checksum\"",\""type\"":\""string\""},{\""name\"":\""tcp_fingerprinting\"",\""type\"":\""string\""},{\""name\"":\""tls_fingerprinting\"",\""type\"":\""string\""},{\""name\"":\""h2_fp\"",\""type\"":\""string\"",\""default\"":\""-\""},{\""name\"":\""ghost_ip\"",\""type\"":\""string\"",\""default\"":\""-\""},{\""name\"":\""akid\"",\""type\"":\""string\"",\""default\"":\""-\""},{\""name\"":\""api_id\"",\""type\"":\""string\"",\""default\"":\""-\""},{\""name\"":\""autopost\"",\""type\"":\""int\"",\""default\"":0},{\""name\"":\""account\"",\""type\"":\""string\"",\""default\"":\""-\""},{\""name\"":\""tls_fingerprinting_3\"",\""type\"":\""string\"",\""default\"":\""-\""},{\""name\"":\""tls_extension_order\"",\""type\"":\""string\"",\""default\"":\""-\""},{\""name\"":\""elliptic_curves_order\"",\""type\"":\""string\"",\""default\"":\""-\""},{\""name\"":\""signature_algorithms_order\"",\""type\"":\""string\"",\""default\"":\""-\""}]}, kafka.username=bootstrap-ajno5dmewwtaijvh, partition.max.files=50, write.storage.account.blob.storage.endpoint=https://bh4tenpctprod.blob.core.windows.net, kafka.consumer.auto.offset.reset=latest, read.storage.account.blob.container.name=gamora-behavioral4-ten-percent, spark.checkpoint.location=checkpoint, write.storage.account.blob.connectionString=null, kafka.skip.small.files.threshold=1000000, read.storage.account.blob.connection.mode=SERVICE_PRINCIPAL, write.storage.account.blob.connection.mode=SERVICE_PRINCIPAL, kafka.password=*********(redacted), kafka.topic=csi_prod_centralus_ingest.gamora-behavioral4-ten-percent, kafka.consumer.bootstrap.servers=redpanda-0.prod-redpanda.aks.prod.akamaicsi.net:31092,redpanda-1.prod-redpanda.aks.prod.akamaicsi.net:31092,redpanda-2.prod-redpanda.aks.prod.akamaicsi.net:31092,redpanda-3.prod-redpanda.aks.prod.akamaicsi.net:31092,redpanda-4.prod-redpanda.aks.prod.akamaicsi.net:31092,redpanda-5.prod-redpanda.aks.prod.akamaicsi.net:31092,redpanda-6.prod-redpanda.aks.prod.akamaicsi.net:31092,redpanda-7.prod-redpanda.aks.prod.akamaicsi.net:31092,redpanda-8.prod-redpanda.aks.prod.akamaicsi.net:31092,redpanda-9.prod-redpanda.aks.prod.akamaicsi.net:31092, read.storage.account.blob.client.secret=*********(redacted), kafka.consumer.group.id=csi_prod_centralus_ingest.polaris-bhv4-ten-percent-consumer0, kafka.poll.timeout=2000, write.storage.account.blob.container.name=ten-percent, kafka.seek.to.beginning=false, connector.name=polaris, kafka.max.total.poll.timeout.batch.sec=10, kafka.message.ttl.sec=172800, storage.input.class=com.akamai.csi.guardian.knowhere.storage.azure.BlobStorageClientImpl, kafka.consumer.max.poll.interval.ms=1800000, kafka.consumer.max.poll.records=1, write.storage.account.blob.authority.host=https://login.microsoftonline.com/, exactly.once.validation=true, read.storage.account.blob.client.id=e77b2ce2-6407-4369-bc31-52033c0efa7b, write.storage.account.blob.client.secret=*********(redacted), partition.max.memory.size=200000000, kafka.total.iteration.memory.hint=100000000000, write.storage.account.blob.client.id=e77b2ce2-6407-4369-bc31-52033c0efa7b, read.storage.account.blob.tenant.id=514876bd-5965-4b40-b0c8-e336cf72c743, kafka.consumer.security.protocol=SASL_SSL]""}",,"SaveIntoDataSourceCommand($VAR_1$, $VAR_2$, Append)
   :- Filter((rand($VAR_3$) < ($VAR_4$ / ($VAR_5$ / $VAR_5$))))
      :- DataSourceV2Relation($VAR_6$, [cpcode, ts, ip, host, path, user_agent, status_code, http_method, header_order_fingerprinting, query, referer, accept_language, content_type, header_size, cookie, start_time, global_id, request_checksum, tcp_fingerprinting, tls_fingerprinting, h2_fp, ghost_ip, akid, api_id, autopost, account, tls_fingerprinting_3, tls_extension_order, elliptic_curves_order, signature_algorithms_order], $VAR_7$)
","{""$VAR_1$"":""org.apache.spark.sql.delta.sources.DeltaDataSource@7ce32c09"",""$VAR_2$"":""[path=abfss://ten-percent@bh4tenpctprod.dfs.core.windows.net/delta, compression=zstd, delta.logretentionduration=interval 3 days, mergeschema=true, __partition_columns=[\""ts\""], zstdcompressionlevel=3]"",""$VAR_3$"":""-3032238503287821285L"",""$VAR_4$"":""'1.0'"",""$VAR_5$"":""1.0D"",""$VAR_6$"":""com.akamai.csi.guardian.knowhere.connectors.KafkaStorageTable@6515f023"",""$VAR_7$"":""[commit.offsets.state=true_1784576491960, storage.output.class=com.akamai.csi.guardian.knowhere.storage.azure.BlobStorageClientImpl, num.of.partitions=0, read.storage.account.blob.storage.endpoint=https://gamorabhv4tenpercentprod.blob.core.windows.net, read.storage.account.blob.authority.host=https://login.microsoftonline.com/, kafka.consumer.sasl.mechanism=SCRAM-SHA-512, read.storage.account.blob.connectionString=null, kafka.has.records.count.statistics=false, write.storage.account.blob.tenant.id=514876bd-5965-4b40-b0c8-e336cf72c743, avro.schema={\""type\"":\""record\"",\""name\"":\""BEHAVIORAL4\"",\""fields\"":[{\""name\"":\""cpcode\"",\""type\"":\""long\""},{\""name\"":\""ts\"",\""type\"":\""long\""},{\""name\"":\""ip\"",\""type\"":\""string\""},{\""name\"":\""host\"",\""type\"":\""string\""},{\""name\"":\""path\"",\""type\"":\""string\""},{\""name\"":\""user_agent\"",\""type\"":\""string\"",\""decode\"":\""true\""},{\""name\"":\""status_code\"",\""type\"":\""int\""},{\""name\"":\""http_method\"",\""type\"":\""string\""},{\""name\"":\""header_order_fingerprinting\"",\""type\"":\""string\""},{\""name\"":\""query\"",\""type\"":\""string\""},{\""name\"":\""referer\"",\""type\"":\""string\""},{\""name\"":\""accept_language\"",\""type\"":\""string\""},{\""name\"":\""content_type\"",\""type\"":\""string\""},{\""name\"":\""header_size\"",\""type\"":\""string\""},{\""name\"":\""cookie\"",\""type\"":\""string\""},{\""name\"":\""start_time\"",\""type\"":\""string\""},{\""name\"":\""global_id\"",\""type\"":\""string\""},{\""name\"":\""request_checksum\"",\""type\"":\""string\""},{\""name\"":\""tcp_fingerprinting\"",\""type\"":\""string\""},{\""name\"":\""tls_fingerprinting\"",\""type\"":\""string\""},{\""name\"":\""h2_fp\"",\""type\"":\""string\"",\""default\"":\""-\""},{\""name\"":\""ghost_ip\"",\""type\"":\""string\"",\""default\"":\""-\""},{\""name\"":\""akid\"",\""type\"":\""string\"",\""default\"":\""-\""},{\""name\"":\""api_id\"",\""type\"":\""string\"",\""default\"":\""-\""},{\""name\"":\""autopost\"",\""type\"":\""int\"",\""default\"":0},{\""name\"":\""account\"",\""type\"":\""string\"",\""default\"":\""-\""},{\""name\"":\""tls_fingerprinting_3\"",\""type\"":\""string\"",\""default\"":\""-\""},{\""name\"":\""tls_extension_order\"",\""type\"":\""string\"",\""default\"":\""-\""},{\""name\"":\""elliptic_curves_order\"",\""type\"":\""string\"",\""default\"":\""-\""},{\""name\"":\""signature_algorithms_order\"",\""type\"":\""string\"",\""default\"":\""-\""}]}, kafka.username=bootstrap-ajno5dmewwtaijvh, partition.max.files=50, write.storage.account.blob.storage.endpoint=https://bh4tenpctprod.blob.core.windows.net, kafka.consumer.auto.offset.reset=latest, read.storage.account.blob.container.name=gamora-behavioral4-ten-percent, spark.checkpoint.location=checkpoint, write.storage.account.blob.connectionString=null, kafka.skip.small.files.threshold=1000000, read.storage.account.blob.connection.mode=SERVICE_PRINCIPAL, write.storage.account.blob.connection.mode=SERVICE_PRINCIPAL, kafka.password=*********(redacted), kafka.topic=csi_prod_centralus_ingest.gamora-behavioral4-ten-percent, kafka.consumer.bootstrap.servers=redpanda-0.prod-redpanda.aks.prod.akamaicsi.net:31092,redpanda-1.prod-redpanda.aks.prod.akamaicsi.net:31092,redpanda-2.prod-redpanda.aks.prod.akamaicsi.net:31092,redpanda-3.prod-redpanda.aks.prod.akamaicsi.net:31092,redpanda-4.prod-redpanda.aks.prod.akamaicsi.net:31092,redpanda-5.prod-redpanda.aks.prod.akamaicsi.net:31092,redpanda-6.prod-redpanda.aks.prod.akamaicsi.net:31092,redpanda-7.prod-redpanda.aks.prod.akamaicsi.net:31092,redpanda-8.prod-redpanda.aks.prod.akamaicsi.net:31092,redpanda-9.prod-redpanda.aks.prod.akamaicsi.net:31092, read.storage.account.blob.client.secret=*********(redacted), kafka.consumer.group.id=csi_prod_centralus_ingest.polaris-bhv4-ten-percent-consumer0, kafka.poll.timeout=2000, write.storage.account.blob.container.name=ten-percent, kafka.seek.to.beginning=false, connector.name=polaris, kafka.max.total.poll.timeout.batch.sec=10, kafka.message.ttl.sec=172800, storage.input.class=com.akamai.csi.guardian.knowhere.storage.azure.BlobStorageClientImpl, kafka.consumer.max.poll.interval.ms=1800000, kafka.consumer.max.poll.records=1, write.storage.account.blob.authority.host=https://login.microsoftonline.com/, exactly.once.validation=true, read.storage.account.blob.client.id=e77b2ce2-6407-4369-bc31-52033c0efa7b, write.storage.account.blob.client.secret=*********(redacted), partition.max.memory.size=200000000, kafka.total.iteration.memory.hint=100000000000, write.storage.account.blob.client.id=e77b2ce2-6407-4369-bc31-52033c0efa7b, read.storage.account.blob.tenant.id=514876bd-5965-4b40-b0c8-e336cf72c743, kafka.consumer.security.protocol=SASL_SSL]""}","[""csi_prod_centralus_ingest.gamora-behavioral4-ten-percent""]"
97666,24,7023,default,polaris-bhv4-ten-percent,8,polaris-bhv4-ten-percent,2026-07-20T21:30:11,,head,COMPLETED,2026-07-20T21:42:40.347000+00:00,2026-07-20T21:42:40.407000+00:00,0.06,,,,,internal,,first at DeltaUtils.scala:18 (GlobalLimit),"GlobalLimit($VAR_1$)
:- LocalLimit($VAR_1$)
   :- Sort([version DESC NULLS LAST], true)
      :- LocalRelation([version, timestamp, userId, userName, operation, operationParameters, job, notebook, clusterId, readVersion, isolationLevel, isBlindAppend, operationMetrics, userMetadata, engineInfo])
","{""$VAR_1$"":""1""}",,,,
97664,23,7023,default,polaris-bhv4-ten-percent,8,polaris-bhv4-ten-percent,2026-07-20T21:30:11,,count,COMPLETED,2026-07-20T21:42:40.173000+00:00,2026-07-20T21:42:40.341000+00:00,0.168,,,,,internal,,count at DeltaUtils.scala:16 (Aggregate),"Aggregate([count($VAR_1$) AS count])
:- LocalRelation()
","{""$VAR_1$"":""1""}",,,,
97659,22,7023,default,polaris-bhv4-ten-percent,8,polaris-bhv4-ten-percent,2026-07-20T21:30:11,,collect,COMPLETED,2026-07-20T21:42:13.188000+00:00,2026-07-20T21:42:40.148000+00:00,26.96,,,,,internal,,getHistory at DeltaTableOperations.scala:57 (SerializeFromObject),"SerializeFromObject([unwrapoption(LongType, knownnotnull(assertnotnull(input[0, org.apache.spark.sql.delta.DeltaHistory, true])).version) AS version, staticinvoke(class org.apache.spark.sql.catalyst.util.DateTimeUtils$, TimestampType, fromJavaTimestamp, knownnotnull(assertnotnull(input[0, org.apache.spark.sql.delta.DeltaHistory, true])).timestamp, true, false, true) AS timestamp, staticinvoke(class org.apache.spark.unsafe.types.UTF8String, StringType, fromString, unwrapoption(ObjectType(class java.lang.String), knownnotnull(assertnotnull(input[0, org.apache.spark.sql.delta.DeltaHistory, true])).userId), true, false, true) AS userId, staticinvoke(class org.apache.spark.unsafe.types.UTF8String, StringType, fromString, unwrapoption(ObjectType(class java.lang.String), knownnotnull(assertnotnull(input[0, org.apache.spark.sql.delta.DeltaHistory, true])).userName), true, false, true) AS userName, staticinvoke(class org.apache.spark.unsafe.types.UTF8String, StringType, fromString, knownnotnull(assertnotnull(input[0, org.apache.spark.sql.delta.DeltaHistory, true])).operation, true, false, true) AS operation, externalmaptocatalyst(lambdavariable(ExternalMapToCatalyst_key, ObjectType(class java.lang.Object), true, -1), staticinvoke(class org.apache.spark.unsafe.types.UTF8String, StringType, fromString, validateexternaltype(lambdavariable(ExternalMapToCatalyst_key, ObjectType(class java.lang.Object), true, -1), StringType, ObjectType(class java.lang.String)), true, false, true), lambdavariable(ExternalMapToCatalyst_value, ObjectType(class java.lang.Object), true, -2), staticinvoke(class org.apache.spark.unsafe.types.UTF8String, StringType, fromString, validateexternaltype(lambdavariable(ExternalMapToCatalyst_value, ObjectType(class java.lang.Object), true, -2), StringType, ObjectType(class java.lang.String)), true, false, true), knownnotnull(assertnotnull(input[0, org.apache.spark.sql.delta.DeltaHistory, true])).operationParameters) AS operationParameters, (IF((unwrapoption(ObjectType(class org.apache.spark.sql.delta.actions.JobInfo), knownnotnull(assertnotnull(input[0, org.apache.spark.sql.delta.DeltaHistory, true])).job) IS NULL), $VAR_1$, named_struct($VAR_2$, staticinvoke(class org.apache.spark.unsafe.types.UTF8String, StringType, fromString, knownnotnull(unwrapoption(ObjectType(class org.apache.spark.sql.delta.actions.JobInfo), knownnotnull(assertnotnull(input[0, org.apache.spark.sql.delta.DeltaHistory, true])).job)).jobId, true, false, true), $VAR_3$, staticinvoke(class org.apache.spark.unsafe.types.UTF8String, StringType, fromString, knownnotnull(unwrapoption(ObjectType(class org.apache.spark.sql.delta.actions.JobInfo), knownnotnull(assertnotnull(input[0, org.apache.spark.sql.delta.DeltaHistory, true])).job)).jobName, true, false, true), $VAR_4$, staticinvoke(class org.apache.spark.unsafe.types.UTF8String, StringType, fromString, knownnotnull(unwrapoption(ObjectType(class org.apache.spark.sql.delta.actions.JobInfo), knownnotnull(assertnotnull(input[0, org.apache.spark.sql.delta.DeltaHistory, true])).job)).jobRunId, true, false, true), $VAR_5$, staticinvoke(class org.apache.spark.unsafe.types.UTF8String, StringType, fromString, knownnotnull(unwrapoption(ObjectType(class org.apache.spark.sql.delta.actions.JobInfo), knownnotnull(assertnotnull(input[0, org.apache.spark.sql.delta.DeltaHistory, true])).job)).runId, true, false, true), $VAR_6$, staticinvoke(class org.apache.spark.unsafe.types.UTF8String, StringType, fromString, knownnotnull(unwrapoption(ObjectType(class org.apache.spark.sql.delta.actions.JobInfo), knownnotnull(assertnotnull(input[0, org.apache.spark.sql.delta.DeltaHistory, true])).job)).jobOwnerId, true, false, true), $VAR_7$, staticinvoke(class org.apache.spark.unsafe.types.UTF8String, StringType, fromString, knownnotnull(unwrapoption(ObjectType(class org.apache.spark.sql.delta.actions.JobInfo), knownnotnull(assertnotnull(input[0, org.apache.spark.sql.delta.DeltaHistory, true])).job)).triggerType, true, false, true)))) AS job, (IF((unwrapoption(ObjectType(class org.apache.spark.sql.delta.actions.NotebookInfo), knownnotnull(assertnotnull(input[0, org.apache.spark.sql.delta.DeltaHistory, true])).notebook) IS NULL), $VAR_1$, named_struct($VAR_8$, staticinvoke(class org.apache.spark.unsafe.types.UTF8String, StringType, fromString, knownnotnull(unwrapoption(ObjectType(class org.apache.spark.sql.delta.actions.NotebookInfo), knownnotnull(assertnotnull(input[0, org.apache.spark.sql.delta.DeltaHistory, true])).notebook)).notebookId, true, false, true)))) AS notebook, staticinvoke(class org.apache.spark.unsafe.types.UTF8String, StringType, fromString, unwrapoption(ObjectType(class java.lang.String), knownnotnull(assertnotnull(input[0, org.apache.spark.sql.delta.DeltaHistory, true])).clusterId), true, false, true) AS clusterId, unwrapoption(LongType, knownnotnull(assertnotnull(input[0, org.apache.spark.sql.delta.DeltaHistory, true])).readVersion) AS readVersion, staticinvoke(class org.apache.spark.unsafe.types.UTF8String, StringType, fromString, unwrapoption(ObjectType(class java.lang.String), knownnotnull(assertnotnull(input[0, org.apache.spark.sql.delta.DeltaHistory, true])).isolationLevel), true, false, true) AS isolationLevel, unwrapoption(BooleanType, knownnotnull(assertnotnull(input[0, org.apache.spark.sql.delta.DeltaHistory, true])).isBlindAppend) AS isBlindAppend, externalmaptocatalyst(lambdavariable(ExternalMapToCatalyst_key, ObjectType(class java.lang.Object), true, -3), staticinvoke(class org.apache.spark.unsafe.types.UTF8String, StringType, fromString, validateexternaltype(lambdavariable(ExternalMapToCatalyst_key, ObjectType(class java.lang.Object), true, -3), StringType, ObjectType(class java.lang.String)), true, false, true), lambdavariable(ExternalMapToCatalyst_value, ObjectType(class java.lang.Object), true, -4), staticinvoke(class org.apache.spark.unsafe.types.UTF8String, StringType, fromString, validateexternaltype(lambdavariable(ExternalMapToCatalyst_value, ObjectType(class java.lang.Object), true, -4), StringType, ObjectType(class java.lang.String)), true, false, true), unwrapoption(ObjectType(interface scala.collection.immutable.Map), knownnotnull(assertnotnull(input[0, org.apache.spark.sql.delta.DeltaHistory, true])).operationMetrics)) AS operationMetrics, staticinvoke(class org.apache.spark.unsafe.types.UTF8String, StringType, fromString, unwrapoption(ObjectType(class java.lang.String), knownnotnull(assertnotnull(input[0, org.apache.spark.sql.delta.DeltaHistory, true])).userMetadata), true, false, true) AS userMetadata, staticinvoke(class org.apache.spark.unsafe.types.UTF8String, StringType, fromString, unwrapoption(ObjectType(class java.lang.String), knownnotnull(assertnotnull(input[0, org.apache.spark.sql.delta.DeltaHistory, true])).engineInfo), true, false, true) AS engineInfo])
:- MapPartitions($VAR_9$, obj)
   :- DeserializeToObject(staticinvoke(class java.lang.Long, ObjectType(class java.lang.Long), valueOf, id, true, false, true), obj)
      :- Range(316, 1194, 1, 50, [id], false)
","{""$VAR_1$"":""NULL"",""$VAR_2$"":""'jobId'"",""$VAR_3$"":""'jobName'"",""$VAR_4$"":""'jobRunId'"",""$VAR_5$"":""'runId'"",""$VAR_6$"":""'jobOwnerId'"",""$VAR_7$"":""'triggerType'"",""$VAR_8$"":""'notebookId'"",""$VAR_9$"":""org.apache.spark.sql.delta.DeltaHistoryManager$$Lambda$7221/0x00007f2c4dc8f4b0@860b982""}",,,,
97656,20,7023,default,polaris-bhv4-ten-percent,8,polaris-bhv4-ten-percent,2026-07-20T21:30:11,abfss://ten-percent@bh4tenpctprod.dfs.core.windows.net/delta,file,COMPLETED,2026-07-20T21:42:12.324000+00:00,2026-07-20T21:43:28.002000+00:00,75.678,,,,,output,,save at FormatSparkWriter.scala:28 (SaveIntoDataSourceCommand),"SaveIntoDataSourceCommand($VAR_1$, $VAR_2$, Append)
   :- Filter((rand($VAR_3$) < ($VAR_4$ / ($VAR_5$ / $VAR_5$))))
      :- DataSourceV2Relation($VAR_6$, [cpcode, ts, ip, host, path, user_agent, status_code, http_method, header_order_fingerprinting, query, referer, accept_language, content_type, header_size, cookie, start_time, global_id, request_checksum, tcp_fingerprinting, tls_fingerprinting, h2_fp, ghost_ip, akid, api_id, autopost, account, tls_fingerprinting_3, tls_extension_order, elliptic_curves_order, signature_algorithms_order], $VAR_7$)
","{""$VAR_1$"":""org.apache.spark.sql.delta.sources.DeltaDataSource@11b45b53"",""$VAR_2$"":""[path=abfss://ten-percent@bh4tenpctprod.dfs.core.windows.net/delta, compression=zstd, delta.logretentionduration=interval 3 days, mergeschema=true, __partition_columns=[\""ts\""], zstdcompressionlevel=3]"",""$VAR_3$"":""-3825326559518308677L"",""$VAR_4$"":""'1.0'"",""$VAR_5$"":""1.0D"",""$VAR_6$"":""com.akamai.csi.guardian.knowhere.connectors.KafkaStorageTable@5a3f74d2"",""$VAR_7$"":""[commit.offsets.state=true_1784580549956, storage.output.class=com.akamai.csi.guardian.knowhere.storage.azure.BlobStorageClientImpl, num.of.partitions=0, read.storage.account.blob.storage.endpoint=https://gamorabhv4tenpercentprod.blob.core.windows.net, read.storage.account.blob.authority.host=https://login.microsoftonline.com/, kafka.consumer.sasl.mechanism=SCRAM-SHA-512, read.storage.account.blob.connectionString=null, kafka.has.records.count.statistics=false, write.storage.account.blob.tenant.id=514876bd-5965-4b40-b0c8-e336cf72c743, avro.schema={\""type\"":\""record\"",\""name\"":\""BEHAVIORAL4\"",\""fields\"":[{\""name\"":\""cpcode\"",\""type\"":\""long\""},{\""name\"":\""ts\"",\""type\"":\""long\""},{\""name\"":\""ip\"",\""type\"":\""string\""},{\""name\"":\""host\"",\""type\"":\""string\""},{\""name\"":\""path\"",\""type\"":\""string\""},{\""name\"":\""user_agent\"",\""type\"":\""string\"",\""decode\"":\""true\""},{\""name\"":\""status_code\"",\""type\"":\""int\""},{\""name\"":\""http_method\"",\""type\"":\""string\""},{\""name\"":\""header_order_fingerprinting\"",\""type\"":\""string\""},{\""name\"":\""query\"",\""type\"":\""string\""},{\""name\"":\""referer\"",\""type\"":\""string\""},{\""name\"":\""accept_language\"",\""type\"":\""string\""},{\""name\"":\""content_type\"",\""type\"":\""string\""},{\""name\"":\""header_size\"",\""type\"":\""string\""},{\""name\"":\""cookie\"",\""type\"":\""string\""},{\""name\"":\""start_time\"",\""type\"":\""string\""},{\""name\"":\""global_id\"",\""type\"":\""string\""},{\""name\"":\""request_checksum\"",\""type\"":\""string\""},{\""name\"":\""tcp_fingerprinting\"",\""type\"":\""string\""},{\""name\"":\""tls_fingerprinting\"",\""type\"":\""string\""},{\""name\"":\""h2_fp\"",\""type\"":\""string\"",\""default\"":\""-\""},{\""name\"":\""ghost_ip\"",\""type\"":\""string\"",\""default\"":\""-\""},{\""name\"":\""akid\"",\""type\"":\""string\"",\""default\"":\""-\""},{\""name\"":\""api_id\"",\""type\"":\""string\"",\""default\"":\""-\""},{\""name\"":\""autopost\"",\""type\"":\""int\"",\""default\"":0},{\""name\"":\""account\"",\""type\"":\""string\"",\""default\"":\""-\""},{\""name\"":\""tls_fingerprinting_3\"",\""type\"":\""string\"",\""default\"":\""-\""},{\""name\"":\""tls_extension_order\"",\""type\"":\""string\"",\""default\"":\""-\""},{\""name\"":\""elliptic_curves_order\"",\""type\"":\""string\"",\""default\"":\""-\""},{\""name\"":\""signature_algorithms_order\"",\""type\"":\""string\"",\""default\"":\""-\""}]}, kafka.username=bootstrap-ajno5dmewwtaijvh, partition.max.files=50, write.storage.account.blob.storage.endpoint=https://bh4tenpctprod.blob.core.windows.net, kafka.consumer.auto.offset.reset=latest, read.storage.account.blob.container.name=gamora-behavioral4-ten-percent, spark.checkpoint.location=checkpoint, write.storage.account.blob.connectionString=null, kafka.skip.small.files.threshold=1000000, read.storage.account.blob.connection.mode=SERVICE_PRINCIPAL, write.storage.account.blob.connection.mode=SERVICE_PRINCIPAL, kafka.password=*********(redacted), kafka.topic=csi_prod_centralus_ingest.gamora-behavioral4-ten-percent, kafka.consumer.bootstrap.servers=redpanda-0.prod-redpanda.aks.prod.akamaicsi.net:31092,redpanda-1.prod-redpanda.aks.prod.akamaicsi.net:31092,redpanda-2.prod-redpanda.aks.prod.akamaicsi.net:31092,redpanda-3.prod-redpanda.aks.prod.akamaicsi.net:31092,redpanda-4.prod-redpanda.aks.prod.akamaicsi.net:31092,redpanda-5.prod-redpanda.aks.prod.akamaicsi.net:31092,redpanda-6.prod-redpanda.aks.prod.akamaicsi.net:31092,redpanda-7.prod-redpanda.aks.prod.akamaicsi.net:31092,redpanda-8.prod-redpanda.aks.prod.akamaicsi.net:31092,redpanda-9.prod-redpanda.aks.prod.akamaicsi.net:31092, read.storage.account.blob.client.secret=*********(redacted), kafka.consumer.group.id=csi_prod_centralus_ingest.polaris-bhv4-ten-percent-consumer0, kafka.poll.timeout=2000, write.storage.account.blob.container.name=ten-percent, kafka.seek.to.beginning=false, connector.name=polaris, kafka.max.total.poll.timeout.batch.sec=10, kafka.message.ttl.sec=172800, storage.input.class=com.akamai.csi.guardian.knowhere.storage.azure.BlobStorageClientImpl, kafka.consumer.max.poll.interval.ms=1800000, kafka.consumer.max.poll.records=1, write.storage.account.blob.authority.host=https://login.microsoftonline.com/, exactly.once.validation=true, read.storage.account.blob.client.id=e77b2ce2-6407-4369-bc31-52033c0efa7b, write.storage.account.blob.client.secret=*********(redacted), partition.max.memory.size=200000000, kafka.total.iteration.memory.hint=100000000000, write.storage.account.blob.client.id=e77b2ce2-6407-4369-bc31-52033c0efa7b, read.storage.account.blob.tenant.id=514876bd-5965-4b40-b0c8-e336cf72c743, kafka.consumer.security.protocol=SASL_SSL]""}",,"SaveIntoDataSourceCommand($VAR_1$, $VAR_2$, Append)
   :- Filter((rand($VAR_3$) < ($VAR_4$ / ($VAR_5$ / $VAR_5$))))
      :- DataSourceV2Relation($VAR_6$, [cpcode, ts, ip, host, path, user_agent, status_code, http_method, header_order_fingerprinting, query, referer, accept_language, content_type, header_size, cookie, start_time, global_id, request_checksum, tcp_fingerprinting, tls_fingerprinting, h2_fp, ghost_ip, akid, api_id, autopost, account, tls_fingerprinting_3, tls_extension_order, elliptic_curves_order, signature_algorithms_order], $VAR_7$)
","{""$VAR_1$"":""org.apache.spark.sql.delta.sources.DeltaDataSource@7ce32c09"",""$VAR_2$"":""[path=abfss://ten-percent@bh4tenpctprod.dfs.core.windows.net/delta, compression=zstd, delta.logretentionduration=interval 3 days, mergeschema=true, __partition_columns=[\""ts\""], zstdcompressionlevel=3]"",""$VAR_3$"":""-3032238503287821285L"",""$VAR_4$"":""'1.0'"",""$VAR_5$"":""1.0D"",""$VAR_6$"":""com.akamai.csi.guardian.knowhere.connectors.KafkaStorageTable@6515f023"",""$VAR_7$"":""[commit.offsets.state=true_1784576491960, storage.output.class=com.akamai.csi.guardian.knowhere.storage.azure.BlobStorageClientImpl, num.of.partitions=0, read.storage.account.blob.storage.endpoint=https://gamorabhv4tenpercentprod.blob.core.windows.net, read.storage.account.blob.authority.host=https://login.microsoftonline.com/, kafka.consumer.sasl.mechanism=SCRAM-SHA-512, read.storage.account.blob.connectionString=null, kafka.has.records.count.statistics=false, write.storage.account.blob.tenant.id=514876bd-5965-4b40-b0c8-e336cf72c743, avro.schema={\""type\"":\""record\"",\""name\"":\""BEHAVIORAL4\"",\""fields\"":[{\""name\"":\""cpcode\"",\""type\"":\""long\""},{\""name\"":\""ts\"",\""type\"":\""long\""},{\""name\"":\""ip\"",\""type\"":\""string\""},{\""name\"":\""host\"",\""type\"":\""string\""},{\""name\"":\""path\"",\""type\"":\""string\""},{\""name\"":\""user_agent\"",\""type\"":\""string\"",\""decode\"":\""true\""},{\""name\"":\""status_code\"",\""type\"":\""int\""},{\""name\"":\""http_method\"",\""type\"":\""string\""},{\""name\"":\""header_order_fingerprinting\"",\""type\"":\""string\""},{\""name\"":\""query\"",\""type\"":\""string\""},{\""name\"":\""referer\"",\""type\"":\""string\""},{\""name\"":\""accept_language\"",\""type\"":\""string\""},{\""name\"":\""content_type\"",\""type\"":\""string\""},{\""name\"":\""header_size\"",\""type\"":\""string\""},{\""name\"":\""cookie\"",\""type\"":\""string\""},{\""name\"":\""start_time\"",\""type\"":\""string\""},{\""name\"":\""global_id\"",\""type\"":\""string\""},{\""name\"":\""request_checksum\"",\""type\"":\""string\""},{\""name\"":\""tcp_fingerprinting\"",\""type\"":\""string\""},{\""name\"":\""tls_fingerprinting\"",\""type\"":\""string\""},{\""name\"":\""h2_fp\"",\""type\"":\""string\"",\""default\"":\""-\""},{\""name\"":\""ghost_ip\"",\""type\"":\""string\"",\""default\"":\""-\""},{\""name\"":\""akid\"",\""type\"":\""string\"",\""default\"":\""-\""},{\""name\"":\""api_id\"",\""type\"":\""string\"",\""default\"":\""-\""},{\""name\"":\""autopost\"",\""type\"":\""int\"",\""default\"":0},{\""name\"":\""account\"",\""type\"":\""string\"",\""default\"":\""-\""},{\""name\"":\""tls_fingerprinting_3\"",\""type\"":\""string\"",\""default\"":\""-\""},{\""name\"":\""tls_extension_order\"",\""type\"":\""string\"",\""default\"":\""-\""},{\""name\"":\""elliptic_curves_order\"",\""type\"":\""string\"",\""default\"":\""-\""},{\""name\"":\""signature_algorithms_order\"",\""type\"":\""string\"",\""default\"":\""-\""}]}, kafka.username=bootstrap-ajno5dmewwtaijvh, partition.max.files=50, write.storage.account.blob.storage.endpoint=https://bh4tenpctprod.blob.core.windows.net, kafka.consumer.auto.offset.reset=latest, read.storage.account.blob.container.name=gamora-behavioral4-ten-percent, spark.checkpoint.location=checkpoint, write.storage.account.blob.connectionString=null, kafka.skip.small.files.threshold=1000000, read.storage.account.blob.connection.mode=SERVICE_PRINCIPAL, write.storage.account.blob.connection.mode=SERVICE_PRINCIPAL, kafka.password=*********(redacted), kafka.topic=csi_prod_centralus_ingest.gamora-behavioral4-ten-percent, kafka.consumer.bootstrap.servers=redpanda-0.prod-redpanda.aks.prod.akamaicsi.net:31092,redpanda-1.prod-redpanda.aks.prod.akamaicsi.net:31092,redpanda-2.prod-redpanda.aks.prod.akamaicsi.net:31092,redpanda-3.prod-redpanda.aks.prod.akamaicsi.net:31092,redpanda-4.prod-redpanda.aks.prod.akamaicsi.net:31092,redpanda-5.prod-redpanda.aks.prod.akamaicsi.net:31092,redpanda-6.prod-redpanda.aks.prod.akamaicsi.net:31092,redpanda-7.prod-redpanda.aks.prod.akamaicsi.net:31092,redpanda-8.prod-redpanda.aks.prod.akamaicsi.net:31092,redpanda-9.prod-redpanda.aks.prod.akamaicsi.net:31092, read.storage.account.blob.client.secret=*********(redacted), kafka.consumer.group.id=csi_prod_centralus_ingest.polaris-bhv4-ten-percent-consumer0, kafka.poll.timeout=2000, write.storage.account.blob.container.name=ten-percent, kafka.seek.to.beginning=false, connector.name=polaris, kafka.max.total.poll.timeout.batch.sec=10, kafka.message.ttl.sec=172800, storage.input.class=com.akamai.csi.guardian.knowhere.storage.azure.BlobStorageClientImpl, kafka.consumer.max.poll.interval.ms=1800000, kafka.consumer.max.poll.records=1, write.storage.account.blob.authority.host=https://login.microsoftonline.com/, exactly.once.validation=true, read.storage.account.blob.client.id=e77b2ce2-6407-4369-bc31-52033c0efa7b, write.storage.account.blob.client.secret=*********(redacted), partition.max.memory.size=200000000, kafka.total.iteration.memory.hint=100000000000, write.storage.account.blob.client.id=e77b2ce2-6407-4369-bc31-52033c0efa7b, read.storage.account.blob.tenant.id=514876bd-5965-4b40-b0c8-e336cf72c743, kafka.consumer.security.protocol=SASL_SSL]""}","[""csi_prod_centralus_ingest.gamora-behavioral4-ten-percent""]"
97653,19,7023,default,polaris-bhv4-ten-percent,8,polaris-bhv4-ten-percent,2026-07-20T21:30:11,,head,COMPLETED,2026-07-20T21:41:44.518000+00:00,2026-07-20T21:41:44.581000+00:00,0.063,,,,,internal,,first at DeltaUtils.scala:18 (GlobalLimit),"GlobalLimit($VAR_1$)
:- LocalLimit($VAR_1$)
   :- Sort([version DESC NULLS LAST], true)
      :- LocalRelation([version, timestamp, userId, userName, operation, operationParameters, job, notebook, clusterId, readVersion, isolationLevel, isBlindAppend, operationMetrics, userMetadata, engineInfo])
","{""$VAR_1$"":""1""}",,,,
97651,18,7023,default,polaris-bhv4-ten-percent,8,polaris-bhv4-ten-percent,2026-07-20T21:30:11,,count,COMPLETED,2026-07-20T21:41:44.380000+00:00,2026-07-20T21:41:44.511000+00:00,0.131,,,,,internal,,count at DeltaUtils.scala:16 (Aggregate),"Aggregate([count($VAR_1$) AS count])
:- LocalRelation()
","{""$VAR_1$"":""1""}",,,,
97649,17,7023,default,polaris-bhv4-ten-percent,8,polaris-bhv4-ten-percent,2026-07-20T21:30:11,,collect,COMPLETED,2026-07-20T21:41:33.959000+00:00,2026-07-20T21:41:44.365000+00:00,10.406,,,,,internal,,getHistory at DeltaTableOperations.scala:57 (SerializeFromObject),"SerializeFromObject([unwrapoption(LongType, knownnotnull(assertnotnull(input[0, org.apache.spark.sql.delta.DeltaHistory, true])).version) AS version, staticinvoke(class org.apache.spark.sql.catalyst.util.DateTimeUtils$, TimestampType, fromJavaTimestamp, knownnotnull(assertnotnull(input[0, org.apache.spark.sql.delta.DeltaHistory, true])).timestamp, true, false, true) AS timestamp, staticinvoke(class org.apache.spark.unsafe.types.UTF8String, StringType, fromString, unwrapoption(ObjectType(class java.lang.String), knownnotnull(assertnotnull(input[0, org.apache.spark.sql.delta.DeltaHistory, true])).userId), true, false, true) AS userId, staticinvoke(class org.apache.spark.unsafe.types.UTF8String, StringType, fromString, unwrapoption(ObjectType(class java.lang.String), knownnotnull(assertnotnull(input[0, org.apache.spark.sql.delta.DeltaHistory, true])).userName), true, false, true) AS userName, staticinvoke(class org.apache.spark.unsafe.types.UTF8String, StringType, fromString, knownnotnull(assertnotnull(input[0, org.apache.spark.sql.delta.DeltaHistory, true])).operation, true, false, true) AS operation, externalmaptocatalyst(lambdavariable(ExternalMapToCatalyst_key, ObjectType(class java.lang.Object), true, -1), staticinvoke(class org.apache.spark.unsafe.types.UTF8String, StringType, fromString, validateexternaltype(lambdavariable(ExternalMapToCatalyst_key, ObjectType(class java.lang.Object), true, -1), StringType, ObjectType(class java.lang.String)), true, false, true), lambdavariable(ExternalMapToCatalyst_value, ObjectType(class java.lang.Object), true, -2), staticinvoke(class org.apache.spark.unsafe.types.UTF8String, StringType, fromString, validateexternaltype(lambdavariable(ExternalMapToCatalyst_value, ObjectType(class java.lang.Object), true, -2), StringType, ObjectType(class java.lang.String)), true, false, true), knownnotnull(assertnotnull(input[0, org.apache.spark.sql.delta.DeltaHistory, true])).operationParameters) AS operationParameters, (IF((unwrapoption(ObjectType(class org.apache.spark.sql.delta.actions.JobInfo), knownnotnull(assertnotnull(input[0, org.apache.spark.sql.delta.DeltaHistory, true])).job) IS NULL), $VAR_1$, named_struct($VAR_2$, staticinvoke(class org.apache.spark.unsafe.types.UTF8String, StringType, fromString, knownnotnull(unwrapoption(ObjectType(class org.apache.spark.sql.delta.actions.JobInfo), knownnotnull(assertnotnull(input[0, org.apache.spark.sql.delta.DeltaHistory, true])).job)).jobId, true, false, true), $VAR_3$, staticinvoke(class org.apache.spark.unsafe.types.UTF8String, StringType, fromString, knownnotnull(unwrapoption(ObjectType(class org.apache.spark.sql.delta.actions.JobInfo), knownnotnull(assertnotnull(input[0, org.apache.spark.sql.delta.DeltaHistory, true])).job)).jobName, true, false, true), $VAR_4$, staticinvoke(class org.apache.spark.unsafe.types.UTF8String, StringType, fromString, knownnotnull(unwrapoption(ObjectType(class org.apache.spark.sql.delta.actions.JobInfo), knownnotnull(assertnotnull(input[0, org.apache.spark.sql.delta.DeltaHistory, true])).job)).jobRunId, true, false, true), $VAR_5$, staticinvoke(class org.apache.spark.unsafe.types.UTF8String, StringType, fromString, knownnotnull(unwrapoption(ObjectType(class org.apache.spark.sql.delta.actions.JobInfo), knownnotnull(assertnotnull(input[0, org.apache.spark.sql.delta.DeltaHistory, true])).job)).runId, true, false, true), $VAR_6$, staticinvoke(class org.apache.spark.unsafe.types.UTF8String, StringType, fromString, knownnotnull(unwrapoption(ObjectType(class org.apache.spark.sql.delta.actions.JobInfo), knownnotnull(assertnotnull(input[0, org.apache.spark.sql.delta.DeltaHistory, true])).job)).jobOwnerId, true, false, true), $VAR_7$, staticinvoke(class org.apache.spark.unsafe.types.UTF8String, StringType, fromString, knownnotnull(unwrapoption(ObjectType(class org.apache.spark.sql.delta.actions.JobInfo), knownnotnull(assertnotnull(input[0, org.apache.spark.sql.delta.DeltaHistory, true])).job)).triggerType, true, false, true)))) AS job, (IF((unwrapoption(ObjectType(class org.apache.spark.sql.delta.actions.NotebookInfo), knownnotnull(assertnotnull(input[0, org.apache.spark.sql.delta.DeltaHistory, true])).notebook) IS NULL), $VAR_1$, named_struct($VAR_8$, staticinvoke(class org.apache.spark.unsafe.types.UTF8String, StringType, fromString, knownnotnull(unwrapoption(ObjectType(class org.apache.spark.sql.delta.actions.NotebookInfo), knownnotnull(assertnotnull(input[0, org.apache.spark.sql.delta.DeltaHistory, true])).notebook)).notebookId, true, false, true)))) AS notebook, staticinvoke(class org.apache.spark.unsafe.types.UTF8String, StringType, fromString, unwrapoption(ObjectType(class java.lang.String), knownnotnull(assertnotnull(input[0, org.apache.spark.sql.delta.DeltaHistory, true])).clusterId), true, false, true) AS clusterId, unwrapoption(LongType, knownnotnull(assertnotnull(input[0, org.apache.spark.sql.delta.DeltaHistory, true])).readVersion) AS readVersion, staticinvoke(class org.apache.spark.unsafe.types.UTF8String, StringType, fromString, unwrapoption(ObjectType(class java.lang.String), knownnotnull(assertnotnull(input[0, org.apache.spark.sql.delta.DeltaHistory, true])).isolationLevel), true, false, true) AS isolationLevel, unwrapoption(BooleanType, knownnotnull(assertnotnull(input[0, org.apache.spark.sql.delta.DeltaHistory, true])).isBlindAppend) AS isBlindAppend, externalmaptocatalyst(lambdavariable(ExternalMapToCatalyst_key, ObjectType(class java.lang.Object), true, -3), staticinvoke(class org.apache.spark.unsafe.types.UTF8String, StringType, fromString, validateexternaltype(lambdavariable(ExternalMapToCatalyst_key, ObjectType(class java.lang.Object), true, -3), StringType, ObjectType(class java.lang.String)), true, false, true), lambdavariable(ExternalMapToCatalyst_value, ObjectType(class java.lang.Object), true, -4), staticinvoke(class org.apache.spark.unsafe.types.UTF8String, StringType, fromString, validateexternaltype(lambdavariable(ExternalMapToCatalyst_value, ObjectType(class java.lang.Object), true, -4), StringType, ObjectType(class java.lang.String)), true, false, true), unwrapoption(ObjectType(interface scala.collection.immutable.Map), knownnotnull(assertnotnull(input[0, org.apache.spark.sql.delta.DeltaHistory, true])).operationMetrics)) AS operationMetrics, staticinvoke(class org.apache.spark.unsafe.types.UTF8String, StringType, fromString, unwrapoption(ObjectType(class java.lang.String), knownnotnull(assertnotnull(input[0, org.apache.spark.sql.delta.DeltaHistory, true])).userMetadata), true, false, true) AS userMetadata, staticinvoke(class org.apache.spark.unsafe.types.UTF8String, StringType, fromString, unwrapoption(ObjectType(class java.lang.String), knownnotnull(assertnotnull(input[0, org.apache.spark.sql.delta.DeltaHistory, true])).engineInfo), true, false, true) AS engineInfo])
:- MapPartitions($VAR_9$, obj)
   :- DeserializeToObject(staticinvoke(class java.lang.Long, ObjectType(class java.lang.Long), valueOf, id, true, false, true), obj)
      :- Range(316, 1193, 1, 50, [id], false)
","{""$VAR_1$"":""NULL"",""$VAR_2$"":""'jobId'"",""$VAR_3$"":""'jobName'"",""$VAR_4$"":""'jobRunId'"",""$VAR_5$"":""'runId'"",""$VAR_6$"":""'jobOwnerId'"",""$VAR_7$"":""'triggerType'"",""$VAR_8$"":""'notebookId'"",""$VAR_9$"":""org.apache.spark.sql.delta.DeltaHistoryManager$$Lambda$7221/0x00007f2c4dc8f4b0@1f602181""}",,,,
97646,15,7023,default,polaris-bhv4-ten-percent,8,polaris-bhv4-ten-percent,2026-07-20T21:30:11,abfss://ten-percent@bh4tenpctprod.dfs.core.windows.net/delta,file,COMPLETED,2026-07-20T21:41:33.131000+00:00,2026-07-20T21:42:12.251000+00:00,39.12,,,,,output,,save at FormatSparkWriter.scala:28 (SaveIntoDataSourceCommand),"SaveIntoDataSourceCommand($VAR_1$, $VAR_2$, Append)
   :- Filter((rand($VAR_3$) < ($VAR_4$ / ($VAR_5$ / $VAR_5$))))
      :- DataSourceV2Relation($VAR_6$, [cpcode, ts, ip, host, path, user_agent, status_code, http_method, header_order_fingerprinting, query, referer, accept_language, content_type, header_size, cookie, start_time, global_id, request_checksum, tcp_fingerprinting, tls_fingerprinting, h2_fp, ghost_ip, akid, api_id, autopost, account, tls_fingerprinting_3, tls_extension_order, elliptic_curves_order, signature_algorithms_order], $VAR_7$)
","{""$VAR_1$"":""org.apache.spark.sql.delta.sources.DeltaDataSource@69d51ec5"",""$VAR_2$"":""[path=abfss://ten-percent@bh4tenpctprod.dfs.core.windows.net/delta, compression=zstd, delta.logretentionduration=interval 3 days, mergeschema=true, __partition_columns=[\""ts\""], zstdcompressionlevel=3]"",""$VAR_3$"":""-7699008139750435612L"",""$VAR_4$"":""'1.0'"",""$VAR_5$"":""1.0D"",""$VAR_6$"":""com.akamai.csi.guardian.knowhere.connectors.KafkaStorageTable@26855e96"",""$VAR_7$"":""[commit.offsets.state=true_1784580549956, storage.output.class=com.akamai.csi.guardian.knowhere.storage.azure.BlobStorageClientImpl, num.of.partitions=0, read.storage.account.blob.storage.endpoint=https://gamorabhv4tenpercentprod.blob.core.windows.net, read.storage.account.blob.authority.host=https://login.microsoftonline.com/, kafka.consumer.sasl.mechanism=SCRAM-SHA-512, read.storage.account.blob.connectionString=null, kafka.has.records.count.statistics=false, write.storage.account.blob.tenant.id=514876bd-5965-4b40-b0c8-e336cf72c743, avro.schema={\""type\"":\""record\"",\""name\"":\""BEHAVIORAL4\"",\""fields\"":[{\""name\"":\""cpcode\"",\""type\"":\""long\""},{\""name\"":\""ts\"",\""type\"":\""long\""},{\""name\"":\""ip\"",\""type\"":\""string\""},{\""name\"":\""host\"",\""type\"":\""string\""},{\""name\"":\""path\"",\""type\"":\""string\""},{\""name\"":\""user_agent\"",\""type\"":\""string\"",\""decode\"":\""true\""},{\""name\"":\""status_code\"",\""type\"":\""int\""},{\""name\"":\""http_method\"",\""type\"":\""string\""},{\""name\"":\""header_order_fingerprinting\"",\""type\"":\""string\""},{\""name\"":\""query\"",\""type\"":\""string\""},{\""name\"":\""referer\"",\""type\"":\""string\""},{\""name\"":\""accept_language\"",\""type\"":\""string\""},{\""name\"":\""content_type\"",\""type\"":\""string\""},{\""name\"":\""header_size\"",\""type\"":\""string\""},{\""name\"":\""cookie\"",\""type\"":\""string\""},{\""name\"":\""start_time\"",\""type\"":\""string\""},{\""name\"":\""global_id\"",\""type\"":\""string\""},{\""name\"":\""request_checksum\"",\""type\"":\""string\""},{\""name\"":\""tcp_fingerprinting\"",\""type\"":\""string\""},{\""name\"":\""tls_fingerprinting\"",\""type\"":\""string\""},{\""name\"":\""h2_fp\"",\""type\"":\""string\"",\""default\"":\""-\""},{\""name\"":\""ghost_ip\"",\""type\"":\""string\"",\""default\"":\""-\""},{\""name\"":\""akid\"",\""type\"":\""string\"",\""default\"":\""-\""},{\""name\"":\""api_id\"",\""type\"":\""string\"",\""default\"":\""-\""},{\""name\"":\""autopost\"",\""type\"":\""int\"",\""default\"":0},{\""name\"":\""account\"",\""type\"":\""string\"",\""default\"":\""-\""},{\""name\"":\""tls_fingerprinting_3\"",\""type\"":\""string\"",\""default\"":\""-\""},{\""name\"":\""tls_extension_order\"",\""type\"":\""string\"",\""default\"":\""-\""},{\""name\"":\""elliptic_curves_order\"",\""type\"":\""string\"",\""default\"":\""-\""},{\""name\"":\""signature_algorithms_order\"",\""type\"":\""string\"",\""default\"":\""-\""}]}, kafka.username=bootstrap-ajno5dmewwtaijvh, partition.max.files=50, write.storage.account.blob.storage.endpoint=https://bh4tenpctprod.blob.core.windows.net, kafka.consumer.auto.offset.reset=latest, read.storage.account.blob.container.name=gamora-behavioral4-ten-percent, spark.checkpoint.location=checkpoint, write.storage.account.blob.connectionString=null, kafka.skip.small.files.threshold=1000000, read.storage.account.blob.connection.mode=SERVICE_PRINCIPAL, write.storage.account.blob.connection.mode=SERVICE_PRINCIPAL, kafka.password=*********(redacted), kafka.topic=csi_prod_centralus_ingest.gamora-behavioral4-ten-percent, kafka.consumer.bootstrap.servers=redpanda-0.prod-redpanda.aks.prod.akamaicsi.net:31092,redpanda-1.prod-redpanda.aks.prod.akamaicsi.net:31092,redpanda-2.prod-redpanda.aks.prod.akamaicsi.net:31092,redpanda-3.prod-redpanda.aks.prod.akamaicsi.net:31092,redpanda-4.prod-redpanda.aks.prod.akamaicsi.net:31092,redpanda-5.prod-redpanda.aks.prod.akamaicsi.net:31092,redpanda-6.prod-redpanda.aks.prod.akamaicsi.net:31092,redpanda-7.prod-redpanda.aks.prod.akamaicsi.net:31092,redpanda-8.prod-redpanda.aks.prod.akamaicsi.net:31092,redpanda-9.prod-redpanda.aks.prod.akamaicsi.net:31092, read.storage.account.blob.client.secret=*********(redacted), kafka.consumer.group.id=csi_prod_centralus_ingest.polaris-bhv4-ten-percent-consumer0, kafka.poll.timeout=2000, write.storage.account.blob.container.name=ten-percent, kafka.seek.to.beginning=false, connector.name=polaris, kafka.max.total.poll.timeout.batch.sec=10, kafka.message.ttl.sec=172800, storage.input.class=com.akamai.csi.guardian.knowhere.storage.azure.BlobStorageClientImpl, kafka.consumer.max.poll.interval.ms=1800000, kafka.consumer.max.poll.records=1, write.storage.account.blob.authority.host=https://login.microsoftonline.com/, exactly.once.validation=true, read.storage.account.blob.client.id=e77b2ce2-6407-4369-bc31-52033c0efa7b, write.storage.account.blob.client.secret=*********(redacted), partition.max.memory.size=200000000, kafka.total.iteration.memory.hint=100000000000, write.storage.account.blob.client.id=e77b2ce2-6407-4369-bc31-52033c0efa7b, read.storage.account.blob.tenant.id=514876bd-5965-4b40-b0c8-e336cf72c743, kafka.consumer.security.protocol=SASL_SSL]""}",,"SaveIntoDataSourceCommand($VAR_1$, $VAR_2$, Append)
   :- Filter((rand($VAR_3$) < ($VAR_4$ / ($VAR_5$ / $VAR_5$))))
      :- DataSourceV2Relation($VAR_6$, [cpcode, ts, ip, host, path, user_agent, status_code, http_method, header_order_fingerprinting, query, referer, accept_language, content_type, header_size, cookie, start_time, global_id, request_checksum, tcp_fingerprinting, tls_fingerprinting, h2_fp, ghost_ip, akid, api_id, autopost, account, tls_fingerprinting_3, tls_extension_order, elliptic_curves_order, signature_algorithms_order], $VAR_7$)
","{""$VAR_1$"":""org.apache.spark.sql.delta.sources.DeltaDataSource@7ce32c09"",""$VAR_2$"":""[path=abfss://ten-percent@bh4tenpctprod.dfs.core.windows.net/delta, compression=zstd, delta.logretentionduration=interval 3 days, mergeschema=true, __partition_columns=[\""ts\""], zstdcompressionlevel=3]"",""$VAR_3$"":""-3032238503287821285L"",""$VAR_4$"":""'1.0'"",""$VAR_5$"":""1.0D"",""$VAR_6$"":""com.akamai.csi.guardian.knowhere.connectors.KafkaStorageTable@6515f023"",""$VAR_7$"":""[commit.offsets.state=true_1784576491960, storage.output.class=com.akamai.csi.guardian.knowhere.storage.azure.BlobStorageClientImpl, num.of.partitions=0, read.storage.account.blob.storage.endpoint=https://gamorabhv4tenpercentprod.blob.core.windows.net, read.storage.account.blob.authority.host=https://login.microsoftonline.com/, kafka.consumer.sasl.mechanism=SCRAM-SHA-512, read.storage.account.blob.connectionString=null, kafka.has.records.count.statistics=false, write.storage.account.blob.tenant.id=514876bd-5965-4b40-b0c8-e336cf72c743, avro.schema={\""type\"":\""record\"",\""name\"":\""BEHAVIORAL4\"",\""fields\"":[{\""name\"":\""cpcode\"",\""type\"":\""long\""},{\""name\"":\""ts\"",\""type\"":\""long\""},{\""name\"":\""ip\"",\""type\"":\""string\""},{\""name\"":\""host\"",\""type\"":\""string\""},{\""name\"":\""path\"",\""type\"":\""string\""},{\""name\"":\""user_agent\"",\""type\"":\""string\"",\""decode\"":\""true\""},{\""name\"":\""status_code\"",\""type\"":\""int\""},{\""name\"":\""http_method\"",\""type\"":\""string\""},{\""name\"":\""header_order_fingerprinting\"",\""type\"":\""string\""},{\""name\"":\""query\"",\""type\"":\""string\""},{\""name\"":\""referer\"",\""type\"":\""string\""},{\""name\"":\""accept_language\"",\""type\"":\""string\""},{\""name\"":\""content_type\"",\""type\"":\""string\""},{\""name\"":\""header_size\"",\""type\"":\""string\""},{\""name\"":\""cookie\"",\""type\"":\""string\""},{\""name\"":\""start_time\"",\""type\"":\""string\""},{\""name\"":\""global_id\"",\""type\"":\""string\""},{\""name\"":\""request_checksum\"",\""type\"":\""string\""},{\""name\"":\""tcp_fingerprinting\"",\""type\"":\""string\""},{\""name\"":\""tls_fingerprinting\"",\""type\"":\""string\""},{\""name\"":\""h2_fp\"",\""type\"":\""string\"",\""default\"":\""-\""},{\""name\"":\""ghost_ip\"",\""type\"":\""string\"",\""default\"":\""-\""},{\""name\"":\""akid\"",\""type\"":\""string\"",\""default\"":\""-\""},{\""name\"":\""api_id\"",\""type\"":\""string\"",\""default\"":\""-\""},{\""name\"":\""autopost\"",\""type\"":\""int\"",\""default\"":0},{\""name\"":\""account\"",\""type\"":\""string\"",\""default\"":\""-\""},{\""name\"":\""tls_fingerprinting_3\"",\""type\"":\""string\"",\""default\"":\""-\""},{\""name\"":\""tls_extension_order\"",\""type\"":\""string\"",\""default\"":\""-\""},{\""name\"":\""elliptic_curves_order\"",\""type\"":\""string\"",\""default\"":\""-\""},{\""name\"":\""signature_algorithms_order\"",\""type\"":\""string\"",\""default\"":\""-\""}]}, kafka.username=bootstrap-ajno5dmewwtaijvh, partition.max.files=50, write.storage.account.blob.storage.endpoint=https://bh4tenpctprod.blob.core.windows.net, kafka.consumer.auto.offset.reset=latest, read.storage.account.blob.container.name=gamora-behavioral4-ten-percent, spark.checkpoint.location=checkpoint, write.storage.account.blob.connectionString=null, kafka.skip.small.files.threshold=1000000, read.storage.account.blob.connection.mode=SERVICE_PRINCIPAL, write.storage.account.blob.connection.mode=SERVICE_PRINCIPAL, kafka.password=*********(redacted), kafka.topic=csi_prod_centralus_ingest.gamora-behavioral4-ten-percent, kafka.consumer.bootstrap.servers=redpanda-0.prod-redpanda.aks.prod.akamaicsi.net:31092,redpanda-1.prod-redpanda.aks.prod.akamaicsi.net:31092,redpanda-2.prod-redpanda.aks.prod.akamaicsi.net:31092,redpanda-3.prod-redpanda.aks.prod.akamaicsi.net:31092,redpanda-4.prod-redpanda.aks.prod.akamaicsi.net:31092,redpanda-5.prod-redpanda.aks.prod.akamaicsi.net:31092,redpanda-6.prod-redpanda.aks.prod.akamaicsi.net:31092,redpanda-7.prod-redpanda.aks.prod.akamaicsi.net:31092,redpanda-8.prod-redpanda.aks.prod.akamaicsi.net:31092,redpanda-9.prod-redpanda.aks.prod.akamaicsi.net:31092, read.storage.account.blob.client.secret=*********(redacted), kafka.consumer.group.id=csi_prod_centralus_ingest.polaris-bhv4-ten-percent-consumer0, kafka.poll.timeout=2000, write.storage.account.blob.container.name=ten-percent, kafka.seek.to.beginning=false, connector.name=polaris, kafka.max.total.poll.timeout.batch.sec=10, kafka.message.ttl.sec=172800, storage.input.class=com.akamai.csi.guardian.knowhere.storage.azure.BlobStorageClientImpl, kafka.consumer.max.poll.interval.ms=1800000, kafka.consumer.max.poll.records=1, write.storage.account.blob.authority.host=https://login.microsoftonline.com/, exactly.once.validation=true, read.storage.account.blob.client.id=e77b2ce2-6407-4369-bc31-52033c0efa7b, write.storage.account.blob.client.secret=*********(redacted), partition.max.memory.size=200000000, kafka.total.iteration.memory.hint=100000000000, write.storage.account.blob.client.id=e77b2ce2-6407-4369-bc31-52033c0efa7b, read.storage.account.blob.tenant.id=514876bd-5965-4b40-b0c8-e336cf72c743, kafka.consumer.security.protocol=SASL_SSL]""}","[""csi_prod_centralus_ingest.gamora-behavioral4-ten-percent""]"
97641,14,7023,default,polaris-bhv4-ten-percent,8,polaris-bhv4-ten-percent,2026-07-20T21:30:11,,head,COMPLETED,2026-07-20T21:40:33.734000+00:00,2026-07-20T21:40:33.802000+00:00,0.068,,,,,internal,,first at DeltaUtils.scala:18 (GlobalLimit),"GlobalLimit($VAR_1$)
:- LocalLimit($VAR_1$)
   :- Sort([version DESC NULLS LAST], true)
      :- LocalRelation([version, timestamp, userId, userName, operation, operationParameters, job, notebook, clusterId, readVersion, isolationLevel, isBlindAppend, operationMetrics, userMetadata, engineInfo])
","{""$VAR_1$"":""1""}",,,,
97639,13,7023,default,polaris-bhv4-ten-percent,8,polaris-bhv4-ten-percent,2026-07-20T21:30:11,,count,COMPLETED,2026-07-20T21:40:03.859000+00:00,2026-07-20T21:40:33.727000+00:00,29.868,,,,,internal,,count at DeltaUtils.scala:16 (Aggregate),"Aggregate([count($VAR_1$) AS count])
:- LocalRelation()
","{""$VAR_1$"":""1""}",,,,
97636,12,7023,default,polaris-bhv4-ten-percent,8,polaris-bhv4-ten-percent,2026-07-20T21:30:11,,collect,COMPLETED,2026-07-20T21:40:02.922000+00:00,2026-07-20T21:40:03.827000+00:00,0.905,,,,,internal,,getHistory at DeltaTableOperations.scala:57 (SerializeFromObject),"SerializeFromObject([unwrapoption(LongType, knownnotnull(assertnotnull(input[0, org.apache.spark.sql.delta.DeltaHistory, true])).version) AS version, staticinvoke(class org.apache.spark.sql.catalyst.util.DateTimeUtils$, TimestampType, fromJavaTimestamp, knownnotnull(assertnotnull(input[0, org.apache.spark.sql.delta.DeltaHistory, true])).timestamp, true, false, true) AS timestamp, staticinvoke(class org.apache.spark.unsafe.types.UTF8String, StringType, fromString, unwrapoption(ObjectType(class java.lang.String), knownnotnull(assertnotnull(input[0, org.apache.spark.sql.delta.DeltaHistory, true])).userId), true, false, true) AS userId, staticinvoke(class org.apache.spark.unsafe.types.UTF8String, StringType, fromString, unwrapoption(ObjectType(class java.lang.String), knownnotnull(assertnotnull(input[0, org.apache.spark.sql.delta.DeltaHistory, true])).userName), true, false, true) AS userName, staticinvoke(class org.apache.spark.unsafe.types.UTF8String, StringType, fromString, knownnotnull(assertnotnull(input[0, org.apache.spark.sql.delta.DeltaHistory, true])).operation, true, false, true) AS operation, externalmaptocatalyst(lambdavariable(ExternalMapToCatalyst_key, ObjectType(class java.lang.Object), true, -1), staticinvoke(class org.apache.spark.unsafe.types.UTF8String, StringType, fromString, validateexternaltype(lambdavariable(ExternalMapToCatalyst_key, ObjectType(class java.lang.Object), true, -1), StringType, ObjectType(class java.lang.String)), true, false, true), lambdavariable(ExternalMapToCatalyst_value, ObjectType(class java.lang.Object), true, -2), staticinvoke(class org.apache.spark.unsafe.types.UTF8String, StringType, fromString, validateexternaltype(lambdavariable(ExternalMapToCatalyst_value, ObjectType(class java.lang.Object), true, -2), StringType, ObjectType(class java.lang.String)), true, false, true), knownnotnull(assertnotnull(input[0, org.apache.spark.sql.delta.DeltaHistory, true])).operationParameters) AS operationParameters, (IF((unwrapoption(ObjectType(class org.apache.spark.sql.delta.actions.JobInfo), knownnotnull(assertnotnull(input[0, org.apache.spark.sql.delta.DeltaHistory, true])).job) IS NULL), $VAR_1$, named_struct($VAR_2$, staticinvoke(class org.apache.spark.unsafe.types.UTF8String, StringType, fromString, knownnotnull(unwrapoption(ObjectType(class org.apache.spark.sql.delta.actions.JobInfo), knownnotnull(assertnotnull(input[0, org.apache.spark.sql.delta.DeltaHistory, true])).job)).jobId, true, false, true), $VAR_3$, staticinvoke(class org.apache.spark.unsafe.types.UTF8String, StringType, fromString, knownnotnull(unwrapoption(ObjectType(class org.apache.spark.sql.delta.actions.JobInfo), knownnotnull(assertnotnull(input[0, org.apache.spark.sql.delta.DeltaHistory, true])).job)).jobName, true, false, true), $VAR_4$, staticinvoke(class org.apache.spark.unsafe.types.UTF8String, StringType, fromString, knownnotnull(unwrapoption(ObjectType(class org.apache.spark.sql.delta.actions.JobInfo), knownnotnull(assertnotnull(input[0, org.apache.spark.sql.delta.DeltaHistory, true])).job)).jobRunId, true, false, true), $VAR_5$, staticinvoke(class org.apache.spark.unsafe.types.UTF8String, StringType, fromString, knownnotnull(unwrapoption(ObjectType(class org.apache.spark.sql.delta.actions.JobInfo), knownnotnull(assertnotnull(input[0, org.apache.spark.sql.delta.DeltaHistory, true])).job)).runId, true, false, true), $VAR_6$, staticinvoke(class org.apache.spark.unsafe.types.UTF8String, StringType, fromString, knownnotnull(unwrapoption(ObjectType(class org.apache.spark.sql.delta.actions.JobInfo), knownnotnull(assertnotnull(input[0, org.apache.spark.sql.delta.DeltaHistory, true])).job)).jobOwnerId, true, false, true), $VAR_7$, staticinvoke(class org.apache.spark.unsafe.types.UTF8String, StringType, fromString, knownnotnull(unwrapoption(ObjectType(class org.apache.spark.sql.delta.actions.JobInfo), knownnotnull(assertnotnull(input[0, org.apache.spark.sql.delta.DeltaHistory, true])).job)).triggerType, true, false, true)))) AS job, (IF((unwrapoption(ObjectType(class org.apache.spark.sql.delta.actions.NotebookInfo), knownnotnull(assertnotnull(input[0, org.apache.spark.sql.delta.DeltaHistory, true])).notebook) IS NULL), $VAR_1$, named_struct($VAR_8$, staticinvoke(class org.apache.spark.unsafe.types.UTF8String, StringType, fromString, knownnotnull(unwrapoption(ObjectType(class org.apache.spark.sql.delta.actions.NotebookInfo), knownnotnull(assertnotnull(input[0, org.apache.spark.sql.delta.DeltaHistory, true])).notebook)).notebookId, true, false, true)))) AS notebook, staticinvoke(class org.apache.spark.unsafe.types.UTF8String, StringType, fromString, unwrapoption(ObjectType(class java.lang.String), knownnotnull(assertnotnull(input[0, org.apache.spark.sql.delta.DeltaHistory, true])).clusterId), true, false, true) AS clusterId, unwrapoption(LongType, knownnotnull(assertnotnull(input[0, org.apache.spark.sql.delta.DeltaHistory, true])).readVersion) AS readVersion, staticinvoke(class org.apache.spark.unsafe.types.UTF8String, StringType, fromString, unwrapoption(ObjectType(class java.lang.String), knownnotnull(assertnotnull(input[0, org.apache.spark.sql.delta.DeltaHistory, true])).isolationLevel), true, false, true) AS isolationLevel, unwrapoption(BooleanType, knownnotnull(assertnotnull(input[0, org.apache.spark.sql.delta.DeltaHistory, true])).isBlindAppend) AS isBlindAppend, externalmaptocatalyst(lambdavariable(ExternalMapToCatalyst_key, ObjectType(class java.lang.Object), true, -3), staticinvoke(class org.apache.spark.unsafe.types.UTF8String, StringType, fromString, validateexternaltype(lambdavariable(ExternalMapToCatalyst_key, ObjectType(class java.lang.Object), true, -3), StringType, ObjectType(class java.lang.String)), true, false, true), lambdavariable(ExternalMapToCatalyst_value, ObjectType(class java.lang.Object), true, -4), staticinvoke(class org.apache.spark.unsafe.types.UTF8String, StringType, fromString, validateexternaltype(lambdavariable(ExternalMapToCatalyst_value, ObjectType(class java.lang.Object), true, -4), StringType, ObjectType(class java.lang.String)), true, false, true), unwrapoption(ObjectType(interface scala.collection.immutable.Map), knownnotnull(assertnotnull(input[0, org.apache.spark.sql.delta.DeltaHistory, true])).operationMetrics)) AS operationMetrics, staticinvoke(class org.apache.spark.unsafe.types.UTF8String, StringType, fromString, unwrapoption(ObjectType(class java.lang.String), knownnotnull(assertnotnull(input[0, org.apache.spark.sql.delta.DeltaHistory, true])).userMetadata), true, false, true) AS userMetadata, staticinvoke(class org.apache.spark.unsafe.types.UTF8String, StringType, fromString, unwrapoption(ObjectType(class java.lang.String), knownnotnull(assertnotnull(input[0, org.apache.spark.sql.delta.DeltaHistory, true])).engineInfo), true, false, true) AS engineInfo])
:- MapPartitions($VAR_9$, obj)
   :- DeserializeToObject(staticinvoke(class java.lang.Long, ObjectType(class java.lang.Long), valueOf, id, true, false, true), obj)
      :- Range(316, 1192, 1, 50, [id], false)
","{""$VAR_1$"":""NULL"",""$VAR_2$"":""'jobId'"",""$VAR_3$"":""'jobName'"",""$VAR_4$"":""'jobRunId'"",""$VAR_5$"":""'runId'"",""$VAR_6$"":""'jobOwnerId'"",""$VAR_7$"":""'triggerType'"",""$VAR_8$"":""'notebookId'"",""$VAR_9$"":""org.apache.spark.sql.delta.DeltaHistoryManager$$Lambda$7221/0x00007f2c4dc8f4b0@54192717""}",,,,
97634,10,7023,default,polaris-bhv4-ten-percent,8,polaris-bhv4-ten-percent,2026-07-20T21:30:11,abfss://ten-percent@bh4tenpctprod.dfs.core.windows.net/delta,file,COMPLETED,2026-07-20T21:40:02.051000+00:00,2026-07-20T21:41:33.020000+00:00,90.969,,,,,output,,save at FormatSparkWriter.scala:28 (SaveIntoDataSourceCommand),"SaveIntoDataSourceCommand($VAR_1$, $VAR_2$, Append)
   :- Filter((rand($VAR_3$) < ($VAR_4$ / ($VAR_5$ / $VAR_5$))))
      :- DataSourceV2Relation($VAR_6$, [cpcode, ts, ip, host, path, user_agent, status_code, http_method, header_order_fingerprinting, query, referer, accept_language, content_type, header_size, cookie, start_time, global_id, request_checksum, tcp_fingerprinting, tls_fingerprinting, h2_fp, ghost_ip, akid, api_id, autopost, account, tls_fingerprinting_3, tls_extension_order, elliptic_curves_order, signature_algorithms_order], $VAR_7$)
","{""$VAR_1$"":""org.apache.spark.sql.delta.sources.DeltaDataSource@600cc717"",""$VAR_2$"":""[path=abfss://ten-percent@bh4tenpctprod.dfs.core.windows.net/delta, compression=zstd, delta.logretentionduration=interval 3 days, mergeschema=true, __partition_columns=[\""ts\""], zstdcompressionlevel=3]"",""$VAR_3$"":""-8981275841771522042L"",""$VAR_4$"":""'1.0'"",""$VAR_5$"":""1.0D"",""$VAR_6$"":""com.akamai.csi.guardian.knowhere.connectors.KafkaStorageTable@1475af2c"",""$VAR_7$"":""[commit.offsets.state=true_1784580549956, storage.output.class=com.akamai.csi.guardian.knowhere.storage.azure.BlobStorageClientImpl, num.of.partitions=0, read.storage.account.blob.storage.endpoint=https://gamorabhv4tenpercentprod.blob.core.windows.net, read.storage.account.blob.authority.host=https://login.microsoftonline.com/, kafka.consumer.sasl.mechanism=SCRAM-SHA-512, read.storage.account.blob.connectionString=null, kafka.has.records.count.statistics=false, write.storage.account.blob.tenant.id=514876bd-5965-4b40-b0c8-e336cf72c743, avro.schema={\""type\"":\""record\"",\""name\"":\""BEHAVIORAL4\"",\""fields\"":[{\""name\"":\""cpcode\"",\""type\"":\""long\""},{\""name\"":\""ts\"",\""type\"":\""long\""},{\""name\"":\""ip\"",\""type\"":\""string\""},{\""name\"":\""host\"",\""type\"":\""string\""},{\""name\"":\""path\"",\""type\"":\""string\""},{\""name\"":\""user_agent\"",\""type\"":\""string\"",\""decode\"":\""true\""},{\""name\"":\""status_code\"",\""type\"":\""int\""},{\""name\"":\""http_method\"",\""type\"":\""string\""},{\""name\"":\""header_order_fingerprinting\"",\""type\"":\""string\""},{\""name\"":\""query\"",\""type\"":\""string\""},{\""name\"":\""referer\"",\""type\"":\""string\""},{\""name\"":\""accept_language\"",\""type\"":\""string\""},{\""name\"":\""content_type\"",\""type\"":\""string\""},{\""name\"":\""header_size\"",\""type\"":\""string\""},{\""name\"":\""cookie\"",\""type\"":\""string\""},{\""name\"":\""start_time\"",\""type\"":\""string\""},{\""name\"":\""global_id\"",\""type\"":\""string\""},{\""name\"":\""request_checksum\"",\""type\"":\""string\""},{\""name\"":\""tcp_fingerprinting\"",\""type\"":\""string\""},{\""name\"":\""tls_fingerprinting\"",\""type\"":\""string\""},{\""name\"":\""h2_fp\"",\""type\"":\""string\"",\""default\"":\""-\""},{\""name\"":\""ghost_ip\"",\""type\"":\""string\"",\""default\"":\""-\""},{\""name\"":\""akid\"",\""type\"":\""string\"",\""default\"":\""-\""},{\""name\"":\""api_id\"",\""type\"":\""string\"",\""default\"":\""-\""},{\""name\"":\""autopost\"",\""type\"":\""int\"",\""default\"":0},{\""name\"":\""account\"",\""type\"":\""string\"",\""default\"":\""-\""},{\""name\"":\""tls_fingerprinting_3\"",\""type\"":\""string\"",\""default\"":\""-\""},{\""name\"":\""tls_extension_order\"",\""type\"":\""string\"",\""default\"":\""-\""},{\""name\"":\""elliptic_curves_order\"",\""type\"":\""string\"",\""default\"":\""-\""},{\""name\"":\""signature_algorithms_order\"",\""type\"":\""string\"",\""default\"":\""-\""}]}, kafka.username=bootstrap-ajno5dmewwtaijvh, partition.max.files=50, write.storage.account.blob.storage.endpoint=https://bh4tenpctprod.blob.core.windows.net, kafka.consumer.auto.offset.reset=latest, read.storage.account.blob.container.name=gamora-behavioral4-ten-percent, spark.checkpoint.location=checkpoint, write.storage.account.blob.connectionString=null, kafka.skip.small.files.threshold=1000000, read.storage.account.blob.connection.mode=SERVICE_PRINCIPAL, write.storage.account.blob.connection.mode=SERVICE_PRINCIPAL, kafka.password=*********(redacted), kafka.topic=csi_prod_centralus_ingest.gamora-behavioral4-ten-percent, kafka.consumer.bootstrap.servers=redpanda-0.prod-redpanda.aks.prod.akamaicsi.net:31092,redpanda-1.prod-redpanda.aks.prod.akamaicsi.net:31092,redpanda-2.prod-redpanda.aks.prod.akamaicsi.net:31092,redpanda-3.prod-redpanda.aks.prod.akamaicsi.net:31092,redpanda-4.prod-redpanda.aks.prod.akamaicsi.net:31092,redpanda-5.prod-redpanda.aks.prod.akamaicsi.net:31092,redpanda-6.prod-redpanda.aks.prod.akamaicsi.net:31092,redpanda-7.prod-redpanda.aks.prod.akamaicsi.net:31092,redpanda-8.prod-redpanda.aks.prod.akamaicsi.net:31092,redpanda-9.prod-redpanda.aks.prod.akamaicsi.net:31092, read.storage.account.blob.client.secret=*********(redacted), kafka.consumer.group.id=csi_prod_centralus_ingest.polaris-bhv4-ten-percent-consumer0, kafka.poll.timeout=2000, write.storage.account.blob.container.name=ten-percent, kafka.seek.to.beginning=false, connector.name=polaris, kafka.max.total.poll.timeout.batch.sec=10, kafka.message.ttl.sec=172800, storage.input.class=com.akamai.csi.guardian.knowhere.storage.azure.BlobStorageClientImpl, kafka.consumer.max.poll.interval.ms=1800000, kafka.consumer.max.poll.records=1, write.storage.account.blob.authority.host=https://login.microsoftonline.com/, exactly.once.validation=true, read.storage.account.blob.client.id=e77b2ce2-6407-4369-bc31-52033c0efa7b, write.storage.account.blob.client.secret=*********(redacted), partition.max.memory.size=200000000, kafka.total.iteration.memory.hint=100000000000, write.storage.account.blob.client.id=e77b2ce2-6407-4369-bc31-52033c0efa7b, read.storage.account.blob.tenant.id=514876bd-5965-4b40-b0c8-e336cf72c743, kafka.consumer.security.protocol=SASL_SSL]""}",,"SaveIntoDataSourceCommand($VAR_1$, $VAR_2$, Append)
   :- Filter((rand($VAR_3$) < ($VAR_4$ / ($VAR_5$ / $VAR_5$))))
      :- DataSourceV2Relation($VAR_6$, [cpcode, ts, ip, host, path, user_agent, status_code, http_method, header_order_fingerprinting, query, referer, accept_language, content_type, header_size, cookie, start_time, global_id, request_checksum, tcp_fingerprinting, tls_fingerprinting, h2_fp, ghost_ip, akid, api_id, autopost, account, tls_fingerprinting_3, tls_extension_order, elliptic_curves_order, signature_algorithms_order], $VAR_7$)
","{""$VAR_1$"":""org.apache.spark.sql.delta.sources.DeltaDataSource@7ce32c09"",""$VAR_2$"":""[path=abfss://ten-percent@bh4tenpctprod.dfs.core.windows.net/delta, compression=zstd, delta.logretentionduration=interval 3 days, mergeschema=true, __partition_columns=[\""ts\""], zstdcompressionlevel=3]"",""$VAR_3$"":""-3032238503287821285L"",""$VAR_4$"":""'1.0'"",""$VAR_5$"":""1.0D"",""$VAR_6$"":""com.akamai.csi.guardian.knowhere.connectors.KafkaStorageTable@6515f023"",""$VAR_7$"":""[commit.offsets.state=true_1784576491960, storage.output.class=com.akamai.csi.guardian.knowhere.storage.azure.BlobStorageClientImpl, num.of.partitions=0, read.storage.account.blob.storage.endpoint=https://gamorabhv4tenpercentprod.blob.core.windows.net, read.storage.account.blob.authority.host=https://login.microsoftonline.com/, kafka.consumer.sasl.mechanism=SCRAM-SHA-512, read.storage.account.blob.connectionString=null, kafka.has.records.count.statistics=false, write.storage.account.blob.tenant.id=514876bd-5965-4b40-b0c8-e336cf72c743, avro.schema={\""type\"":\""record\"",\""name\"":\""BEHAVIORAL4\"",\""fields\"":[{\""name\"":\""cpcode\"",\""type\"":\""long\""},{\""name\"":\""ts\"",\""type\"":\""long\""},{\""name\"":\""ip\"",\""type\"":\""string\""},{\""name\"":\""host\"",\""type\"":\""string\""},{\""name\"":\""path\"",\""type\"":\""string\""},{\""name\"":\""user_agent\"",\""type\"":\""string\"",\""decode\"":\""true\""},{\""name\"":\""status_code\"",\""type\"":\""int\""},{\""name\"":\""http_method\"",\""type\"":\""string\""},{\""name\"":\""header_order_fingerprinting\"",\""type\"":\""string\""},{\""name\"":\""query\"",\""type\"":\""string\""},{\""name\"":\""referer\"",\""type\"":\""string\""},{\""name\"":\""accept_language\"",\""type\"":\""string\""},{\""name\"":\""content_type\"",\""type\"":\""string\""},{\""name\"":\""header_size\"",\""type\"":\""string\""},{\""name\"":\""cookie\"",\""type\"":\""string\""},{\""name\"":\""start_time\"",\""type\"":\""string\""},{\""name\"":\""global_id\"",\""type\"":\""string\""},{\""name\"":\""request_checksum\"",\""type\"":\""string\""},{\""name\"":\""tcp_fingerprinting\"",\""type\"":\""string\""},{\""name\"":\""tls_fingerprinting\"",\""type\"":\""string\""},{\""name\"":\""h2_fp\"",\""type\"":\""string\"",\""default\"":\""-\""},{\""name\"":\""ghost_ip\"",\""type\"":\""string\"",\""default\"":\""-\""},{\""name\"":\""akid\"",\""type\"":\""string\"",\""default\"":\""-\""},{\""name\"":\""api_id\"",\""type\"":\""string\"",\""default\"":\""-\""},{\""name\"":\""autopost\"",\""type\"":\""int\"",\""default\"":0},{\""name\"":\""account\"",\""type\"":\""string\"",\""default\"":\""-\""},{\""name\"":\""tls_fingerprinting_3\"",\""type\"":\""string\"",\""default\"":\""-\""},{\""name\"":\""tls_extension_order\"",\""type\"":\""string\"",\""default\"":\""-\""},{\""name\"":\""elliptic_curves_order\"",\""type\"":\""string\"",\""default\"":\""-\""},{\""name\"":\""signature_algorithms_order\"",\""type\"":\""string\"",\""default\"":\""-\""}]}, kafka.username=bootstrap-ajno5dmewwtaijvh, partition.max.files=50, write.storage.account.blob.storage.endpoint=https://bh4tenpctprod.blob.core.windows.net, kafka.consumer.auto.offset.reset=latest, read.storage.account.blob.container.name=gamora-behavioral4-ten-percent, spark.checkpoint.location=checkpoint, write.storage.account.blob.connectionString=null, kafka.skip.small.files.threshold=1000000, read.storage.account.blob.connection.mode=SERVICE_PRINCIPAL, write.storage.account.blob.connection.mode=SERVICE_PRINCIPAL, kafka.password=*********(redacted), kafka.topic=csi_prod_centralus_ingest.gamora-behavioral4-ten-percent, kafka.consumer.bootstrap.servers=redpanda-0.prod-redpanda.aks.prod.akamaicsi.net:31092,redpanda-1.prod-redpanda.aks.prod.akamaicsi.net:31092,redpanda-2.prod-redpanda.aks.prod.akamaicsi.net:31092,redpanda-3.prod-redpanda.aks.prod.akamaicsi.net:31092,redpanda-4.prod-redpanda.aks.prod.akamaicsi.net:31092,redpanda-5.prod-redpanda.aks.prod.akamaicsi.net:31092,redpanda-6.prod-redpanda.aks.prod.akamaicsi.net:31092,redpanda-7.prod-redpanda.aks.prod.akamaicsi.net:31092,redpanda-8.prod-redpanda.aks.prod.akamaicsi.net:31092,redpanda-9.prod-redpanda.aks.prod.akamaicsi.net:31092, read.storage.account.blob.client.secret=*********(redacted), kafka.consumer.group.id=csi_prod_centralus_ingest.polaris-bhv4-ten-percent-consumer0, kafka.poll.timeout=2000, write.storage.account.blob.container.name=ten-percent, kafka.seek.to.beginning=false, connector.name=polaris, kafka.max.total.poll.timeout.batch.sec=10, kafka.message.ttl.sec=172800, storage.input.class=com.akamai.csi.guardian.knowhere.storage.azure.BlobStorageClientImpl, kafka.consumer.max.poll.interval.ms=1800000, kafka.consumer.max.poll.records=1, write.storage.account.blob.authority.host=https://login.microsoftonline.com/, exactly.once.validation=true, read.storage.account.blob.client.id=e77b2ce2-6407-4369-bc31-52033c0efa7b, write.storage.account.blob.client.secret=*********(redacted), partition.max.memory.size=200000000, kafka.total.iteration.memory.hint=100000000000, write.storage.account.blob.client.id=e77b2ce2-6407-4369-bc31-52033c0efa7b, read.storage.account.blob.tenant.id=514876bd-5965-4b40-b0c8-e336cf72c743, kafka.consumer.security.protocol=SASL_SSL]""}","[""csi_prod_centralus_ingest.gamora-behavioral4-ten-percent""]"
97628,9,7023,default,polaris-bhv4-ten-percent,8,polaris-bhv4-ten-percent,2026-07-20T21:30:11,,head,COMPLETED,2026-07-20T21:37:47.784000+00:00,2026-07-20T21:37:47.950000+00:00,0.166,,,,,internal,,first at DeltaUtils.scala:18 (GlobalLimit),"GlobalLimit($VAR_1$)
:- LocalLimit($VAR_1$)
   :- Sort([version DESC NULLS LAST], true)
      :- LocalRelation([version, timestamp, userId, userName, operation, operationParameters, job, notebook, clusterId, readVersion, isolationLevel, isBlindAppend, operationMetrics, userMetadata, engineInfo])
","{""$VAR_1$"":""1""}",,,,
97623,8,7023,default,polaris-bhv4-ten-percent,8,polaris-bhv4-ten-percent,2026-07-20T21:30:11,,count,COMPLETED,2026-07-20T21:36:14.806000+00:00,2026-07-20T21:37:47.774000+00:00,92.968,,,,,internal,,count at DeltaUtils.scala:16 (Aggregate),"Aggregate([count($VAR_1$) AS count])
:- LocalRelation()
","{""$VAR_1$"":""1""}",,,,
97620,7,7023,default,polaris-bhv4-ten-percent,8,polaris-bhv4-ten-percent,2026-07-20T21:30:11,,collect,COMPLETED,2026-07-20T21:36:11.317000+00:00,2026-07-20T21:36:14.761000+00:00,3.444,,,,,internal,,getHistory at DeltaTableOperations.scala:57 (SerializeFromObject),"SerializeFromObject([unwrapoption(LongType, knownnotnull(assertnotnull(input[0, org.apache.spark.sql.delta.DeltaHistory, true])).version) AS version, staticinvoke(class org.apache.spark.sql.catalyst.util.DateTimeUtils$, TimestampType, fromJavaTimestamp, knownnotnull(assertnotnull(input[0, org.apache.spark.sql.delta.DeltaHistory, true])).timestamp, true, false, true) AS timestamp, staticinvoke(class org.apache.spark.unsafe.types.UTF8String, StringType, fromString, unwrapoption(ObjectType(class java.lang.String), knownnotnull(assertnotnull(input[0, org.apache.spark.sql.delta.DeltaHistory, true])).userId), true, false, true) AS userId, staticinvoke(class org.apache.spark.unsafe.types.UTF8String, StringType, fromString, unwrapoption(ObjectType(class java.lang.String), knownnotnull(assertnotnull(input[0, org.apache.spark.sql.delta.DeltaHistory, true])).userName), true, false, true) AS userName, staticinvoke(class org.apache.spark.unsafe.types.UTF8String, StringType, fromString, knownnotnull(assertnotnull(input[0, org.apache.spark.sql.delta.DeltaHistory, true])).operation, true, false, true) AS operation, externalmaptocatalyst(lambdavariable(ExternalMapToCatalyst_key, ObjectType(class java.lang.Object), true, -1), staticinvoke(class org.apache.spark.unsafe.types.UTF8String, StringType, fromString, validateexternaltype(lambdavariable(ExternalMapToCatalyst_key, ObjectType(class java.lang.Object), true, -1), StringType, ObjectType(class java.lang.String)), true, false, true), lambdavariable(ExternalMapToCatalyst_value, ObjectType(class java.lang.Object), true, -2), staticinvoke(class org.apache.spark.unsafe.types.UTF8String, StringType, fromString, validateexternaltype(lambdavariable(ExternalMapToCatalyst_value, ObjectType(class java.lang.Object), true, -2), StringType, ObjectType(class java.lang.String)), true, false, true), knownnotnull(assertnotnull(input[0, org.apache.spark.sql.delta.DeltaHistory, true])).operationParameters) AS operationParameters, (IF((unwrapoption(ObjectType(class org.apache.spark.sql.delta.actions.JobInfo), knownnotnull(assertnotnull(input[0, org.apache.spark.sql.delta.DeltaHistory, true])).job) IS NULL), $VAR_1$, named_struct($VAR_2$, staticinvoke(class org.apache.spark.unsafe.types.UTF8String, StringType, fromString, knownnotnull(unwrapoption(ObjectType(class org.apache.spark.sql.delta.actions.JobInfo), knownnotnull(assertnotnull(input[0, org.apache.spark.sql.delta.DeltaHistory, true])).job)).jobId, true, false, true), $VAR_3$, staticinvoke(class org.apache.spark.unsafe.types.UTF8String, StringType, fromString, knownnotnull(unwrapoption(ObjectType(class org.apache.spark.sql.delta.actions.JobInfo), knownnotnull(assertnotnull(input[0, org.apache.spark.sql.delta.DeltaHistory, true])).job)).jobName, true, false, true), $VAR_4$, staticinvoke(class org.apache.spark.unsafe.types.UTF8String, StringType, fromString, knownnotnull(unwrapoption(ObjectType(class org.apache.spark.sql.delta.actions.JobInfo), knownnotnull(assertnotnull(input[0, org.apache.spark.sql.delta.DeltaHistory, true])).job)).jobRunId, true, false, true), $VAR_5$, staticinvoke(class org.apache.spark.unsafe.types.UTF8String, StringType, fromString, knownnotnull(unwrapoption(ObjectType(class org.apache.spark.sql.delta.actions.JobInfo), knownnotnull(assertnotnull(input[0, org.apache.spark.sql.delta.DeltaHistory, true])).job)).runId, true, false, true), $VAR_6$, staticinvoke(class org.apache.spark.unsafe.types.UTF8String, StringType, fromString, knownnotnull(unwrapoption(ObjectType(class org.apache.spark.sql.delta.actions.JobInfo), knownnotnull(assertnotnull(input[0, org.apache.spark.sql.delta.DeltaHistory, true])).job)).jobOwnerId, true, false, true), $VAR_7$, staticinvoke(class org.apache.spark.unsafe.types.UTF8String, StringType, fromString, knownnotnull(unwrapoption(ObjectType(class org.apache.spark.sql.delta.actions.JobInfo), knownnotnull(assertnotnull(input[0, org.apache.spark.sql.delta.DeltaHistory, true])).job)).triggerType, true, false, true)))) AS job, (IF((unwrapoption(ObjectType(class org.apache.spark.sql.delta.actions.NotebookInfo), knownnotnull(assertnotnull(input[0, org.apache.spark.sql.delta.DeltaHistory, true])).notebook) IS NULL), $VAR_1$, named_struct($VAR_8$, staticinvoke(class org.apache.spark.unsafe.types.UTF8String, StringType, fromString, knownnotnull(unwrapoption(ObjectType(class org.apache.spark.sql.delta.actions.NotebookInfo), knownnotnull(assertnotnull(input[0, org.apache.spark.sql.delta.DeltaHistory, true])).notebook)).notebookId, true, false, true)))) AS notebook, staticinvoke(class org.apache.spark.unsafe.types.UTF8String, StringType, fromString, unwrapoption(ObjectType(class java.lang.String), knownnotnull(assertnotnull(input[0, org.apache.spark.sql.delta.DeltaHistory, true])).clusterId), true, false, true) AS clusterId, unwrapoption(LongType, knownnotnull(assertnotnull(input[0, org.apache.spark.sql.delta.DeltaHistory, true])).readVersion) AS readVersion, staticinvoke(class org.apache.spark.unsafe.types.UTF8String, StringType, fromString, unwrapoption(ObjectType(class java.lang.String), knownnotnull(assertnotnull(input[0, org.apache.spark.sql.delta.DeltaHistory, true])).isolationLevel), true, false, true) AS isolationLevel, unwrapoption(BooleanType, knownnotnull(assertnotnull(input[0, org.apache.spark.sql.delta.DeltaHistory, true])).isBlindAppend) AS isBlindAppend, externalmaptocatalyst(lambdavariable(ExternalMapToCatalyst_key, ObjectType(class java.lang.Object), true, -3), staticinvoke(class org.apache.spark.unsafe.types.UTF8String, StringType, fromString, validateexternaltype(lambdavariable(ExternalMapToCatalyst_key, ObjectType(class java.lang.Object), true, -3), StringType, ObjectType(class java.lang.String)), true, false, true), lambdavariable(ExternalMapToCatalyst_value, ObjectType(class java.lang.Object), true, -4), staticinvoke(class org.apache.spark.unsafe.types.UTF8String, StringType, fromString, validateexternaltype(lambdavariable(ExternalMapToCatalyst_value, ObjectType(class java.lang.Object), true, -4), StringType, ObjectType(class java.lang.String)), true, false, true), unwrapoption(ObjectType(interface scala.collection.immutable.Map), knownnotnull(assertnotnull(input[0, org.apache.spark.sql.delta.DeltaHistory, true])).operationMetrics)) AS operationMetrics, staticinvoke(class org.apache.spark.unsafe.types.UTF8String, StringType, fromString, unwrapoption(ObjectType(class java.lang.String), knownnotnull(assertnotnull(input[0, org.apache.spark.sql.delta.DeltaHistory, true])).userMetadata), true, false, true) AS userMetadata, staticinvoke(class org.apache.spark.unsafe.types.UTF8String, StringType, fromString, unwrapoption(ObjectType(class java.lang.String), knownnotnull(assertnotnull(input[0, org.apache.spark.sql.delta.DeltaHistory, true])).engineInfo), true, false, true) AS engineInfo])
:- MapPartitions($VAR_9$, obj)
   :- DeserializeToObject(staticinvoke(class java.lang.Long, ObjectType(class java.lang.Long), valueOf, id, true, false, true), obj)
      :- Range(316, 1191, 1, 50, [id], false)
","{""$VAR_1$"":""NULL"",""$VAR_2$"":""'jobId'"",""$VAR_3$"":""'jobName'"",""$VAR_4$"":""'jobRunId'"",""$VAR_5$"":""'runId'"",""$VAR_6$"":""'jobOwnerId'"",""$VAR_7$"":""'triggerType'"",""$VAR_8$"":""'notebookId'"",""$VAR_9$"":""org.apache.spark.sql.delta.DeltaHistoryManager$$Lambda$7221/0x00007f2c4dc8f4b0@51554579""}",,,,
97618,5,7023,default,polaris-bhv4-ten-percent,8,polaris-bhv4-ten-percent,2026-07-20T21:30:11,abfss://ten-percent@bh4tenpctprod.dfs.core.windows.net/delta,file,COMPLETED,2026-07-20T21:36:10.475000+00:00,2026-07-20T21:40:01.910000+00:00,231.435,,,,,output,,save at FormatSparkWriter.scala:28 (SaveIntoDataSourceCommand),"SaveIntoDataSourceCommand($VAR_1$, $VAR_2$, Append)
   :- Filter((rand($VAR_3$) < ($VAR_4$ / ($VAR_5$ / $VAR_5$))))
      :- DataSourceV2Relation($VAR_6$, [cpcode, ts, ip, host, path, user_agent, status_code, http_method, header_order_fingerprinting, query, referer, accept_language, content_type, header_size, cookie, start_time, global_id, request_checksum, tcp_fingerprinting, tls_fingerprinting, h2_fp, ghost_ip, akid, api_id, autopost, account, tls_fingerprinting_3, tls_extension_order, elliptic_curves_order, signature_algorithms_order], $VAR_7$)
","{""$VAR_1$"":""org.apache.spark.sql.delta.sources.DeltaDataSource@5f9f8e85"",""$VAR_2$"":""[path=abfss://ten-percent@bh4tenpctprod.dfs.core.windows.net/delta, compression=zstd, delta.logretentionduration=interval 3 days, mergeschema=true, __partition_columns=[\""ts\""], zstdcompressionlevel=3]"",""$VAR_3$"":""-6969466087359512637L"",""$VAR_4$"":""'1.0'"",""$VAR_5$"":""1.0D"",""$VAR_6$"":""com.akamai.csi.guardian.knowhere.connectors.KafkaStorageTable@19d07bbf"",""$VAR_7$"":""[commit.offsets.state=true_1784580549956, storage.output.class=com.akamai.csi.guardian.knowhere.storage.azure.BlobStorageClientImpl, num.of.partitions=0, read.storage.account.blob.storage.endpoint=https://gamorabhv4tenpercentprod.blob.core.windows.net, read.storage.account.blob.authority.host=https://login.microsoftonline.com/, kafka.consumer.sasl.mechanism=SCRAM-SHA-512, read.storage.account.blob.connectionString=null, kafka.has.records.count.statistics=false, write.storage.account.blob.tenant.id=514876bd-5965-4b40-b0c8-e336cf72c743, avro.schema={\""type\"":\""record\"",\""name\"":\""BEHAVIORAL4\"",\""fields\"":[{\""name\"":\""cpcode\"",\""type\"":\""long\""},{\""name\"":\""ts\"",\""type\"":\""long\""},{\""name\"":\""ip\"",\""type\"":\""string\""},{\""name\"":\""host\"",\""type\"":\""string\""},{\""name\"":\""path\"",\""type\"":\""string\""},{\""name\"":\""user_agent\"",\""type\"":\""string\"",\""decode\"":\""true\""},{\""name\"":\""status_code\"",\""type\"":\""int\""},{\""name\"":\""http_method\"",\""type\"":\""string\""},{\""name\"":\""header_order_fingerprinting\"",\""type\"":\""string\""},{\""name\"":\""query\"",\""type\"":\""string\""},{\""name\"":\""referer\"",\""type\"":\""string\""},{\""name\"":\""accept_language\"",\""type\"":\""string\""},{\""name\"":\""content_type\"",\""type\"":\""string\""},{\""name\"":\""header_size\"",\""type\"":\""string\""},{\""name\"":\""cookie\"",\""type\"":\""string\""},{\""name\"":\""start_time\"",\""type\"":\""string\""},{\""name\"":\""global_id\"",\""type\"":\""string\""},{\""name\"":\""request_checksum\"",\""type\"":\""string\""},{\""name\"":\""tcp_fingerprinting\"",\""type\"":\""string\""},{\""name\"":\""tls_fingerprinting\"",\""type\"":\""string\""},{\""name\"":\""h2_fp\"",\""type\"":\""string\"",\""default\"":\""-\""},{\""name\"":\""ghost_ip\"",\""type\"":\""string\"",\""default\"":\""-\""},{\""name\"":\""akid\"",\""type\"":\""string\"",\""default\"":\""-\""},{\""name\"":\""api_id\"",\""type\"":\""string\"",\""default\"":\""-\""},{\""name\"":\""autopost\"",\""type\"":\""int\"",\""default\"":0},{\""name\"":\""account\"",\""type\"":\""string\"",\""default\"":\""-\""},{\""name\"":\""tls_fingerprinting_3\"",\""type\"":\""string\"",\""default\"":\""-\""},{\""name\"":\""tls_extension_order\"",\""type\"":\""string\"",\""default\"":\""-\""},{\""name\"":\""elliptic_curves_order\"",\""type\"":\""string\"",\""default\"":\""-\""},{\""name\"":\""signature_algorithms_order\"",\""type\"":\""string\"",\""default\"":\""-\""}]}, kafka.username=bootstrap-ajno5dmewwtaijvh, partition.max.files=50, write.storage.account.blob.storage.endpoint=https://bh4tenpctprod.blob.core.windows.net, kafka.consumer.auto.offset.reset=latest, read.storage.account.blob.container.name=gamora-behavioral4-ten-percent, spark.checkpoint.location=checkpoint, write.storage.account.blob.connectionString=null, kafka.skip.small.files.threshold=1000000, read.storage.account.blob.connection.mode=SERVICE_PRINCIPAL, write.storage.account.blob.connection.mode=SERVICE_PRINCIPAL, kafka.password=*********(redacted), kafka.topic=csi_prod_centralus_ingest.gamora-behavioral4-ten-percent, kafka.consumer.bootstrap.servers=redpanda-0.prod-redpanda.aks.prod.akamaicsi.net:31092,redpanda-1.prod-redpanda.aks.prod.akamaicsi.net:31092,redpanda-2.prod-redpanda.aks.prod.akamaicsi.net:31092,redpanda-3.prod-redpanda.aks.prod.akamaicsi.net:31092,redpanda-4.prod-redpanda.aks.prod.akamaicsi.net:31092,redpanda-5.prod-redpanda.aks.prod.akamaicsi.net:31092,redpanda-6.prod-redpanda.aks.prod.akamaicsi.net:31092,redpanda-7.prod-redpanda.aks.prod.akamaicsi.net:31092,redpanda-8.prod-redpanda.aks.prod.akamaicsi.net:31092,redpanda-9.prod-redpanda.aks.prod.akamaicsi.net:31092, read.storage.account.blob.client.secret=*********(redacted), kafka.consumer.group.id=csi_prod_centralus_ingest.polaris-bhv4-ten-percent-consumer0, kafka.poll.timeout=2000, write.storage.account.blob.container.name=ten-percent, kafka.seek.to.beginning=false, connector.name=polaris, kafka.max.total.poll.timeout.batch.sec=10, kafka.message.ttl.sec=172800, storage.input.class=com.akamai.csi.guardian.knowhere.storage.azure.BlobStorageClientImpl, kafka.consumer.max.poll.interval.ms=1800000, kafka.consumer.max.poll.records=1, write.storage.account.blob.authority.host=https://login.microsoftonline.com/, exactly.once.validation=true, read.storage.account.blob.client.id=e77b2ce2-6407-4369-bc31-52033c0efa7b, write.storage.account.blob.client.secret=*********(redacted), partition.max.memory.size=200000000, kafka.total.iteration.memory.hint=100000000000, write.storage.account.blob.client.id=e77b2ce2-6407-4369-bc31-52033c0efa7b, read.storage.account.blob.tenant.id=514876bd-5965-4b40-b0c8-e336cf72c743, kafka.consumer.security.protocol=SASL_SSL]""}",,"SaveIntoDataSourceCommand($VAR_1$, $VAR_2$, Append)
   :- Filter((rand($VAR_3$) < ($VAR_4$ / ($VAR_5$ / $VAR_5$))))
      :- DataSourceV2Relation($VAR_6$, [cpcode, ts, ip, host, path, user_agent, status_code, http_method, header_order_fingerprinting, query, referer, accept_language, content_type, header_size, cookie, start_time, global_id, request_checksum, tcp_fingerprinting, tls_fingerprinting, h2_fp, ghost_ip, akid, api_id, autopost, account, tls_fingerprinting_3, tls_extension_order, elliptic_curves_order, signature_algorithms_order], $VAR_7$)
","{""$VAR_1$"":""org.apache.spark.sql.delta.sources.DeltaDataSource@7ce32c09"",""$VAR_2$"":""[path=abfss://ten-percent@bh4tenpctprod.dfs.core.windows.net/delta, compression=zstd, delta.logretentionduration=interval 3 days, mergeschema=true, __partition_columns=[\""ts\""], zstdcompressionlevel=3]"",""$VAR_3$"":""-3032238503287821285L"",""$VAR_4$"":""'1.0'"",""$VAR_5$"":""1.0D"",""$VAR_6$"":""com.akamai.csi.guardian.knowhere.connectors.KafkaStorageTable@6515f023"",""$VAR_7$"":""[commit.offsets.state=true_1784576491960, storage.output.class=com.akamai.csi.guardian.knowhere.storage.azure.BlobStorageClientImpl, num.of.partitions=0, read.storage.account.blob.storage.endpoint=https://gamorabhv4tenpercentprod.blob.core.windows.net, read.storage.account.blob.authority.host=https://login.microsoftonline.com/, kafka.consumer.sasl.mechanism=SCRAM-SHA-512, read.storage.account.blob.connectionString=null, kafka.has.records.count.statistics=false, write.storage.account.blob.tenant.id=514876bd-5965-4b40-b0c8-e336cf72c743, avro.schema={\""type\"":\""record\"",\""name\"":\""BEHAVIORAL4\"",\""fields\"":[{\""name\"":\""cpcode\"",\""type\"":\""long\""},{\""name\"":\""ts\"",\""type\"":\""long\""},{\""name\"":\""ip\"",\""type\"":\""string\""},{\""name\"":\""host\"",\""type\"":\""string\""},{\""name\"":\""path\"",\""type\"":\""string\""},{\""name\"":\""user_agent\"",\""type\"":\""string\"",\""decode\"":\""true\""},{\""name\"":\""status_code\"",\""type\"":\""int\""},{\""name\"":\""http_method\"",\""type\"":\""string\""},{\""name\"":\""header_order_fingerprinting\"",\""type\"":\""string\""},{\""name\"":\""query\"",\""type\"":\""string\""},{\""name\"":\""referer\"",\""type\"":\""string\""},{\""name\"":\""accept_language\"",\""type\"":\""string\""},{\""name\"":\""content_type\"",\""type\"":\""string\""},{\""name\"":\""header_size\"",\""type\"":\""string\""},{\""name\"":\""cookie\"",\""type\"":\""string\""},{\""name\"":\""start_time\"",\""type\"":\""string\""},{\""name\"":\""global_id\"",\""type\"":\""string\""},{\""name\"":\""request_checksum\"",\""type\"":\""string\""},{\""name\"":\""tcp_fingerprinting\"",\""type\"":\""string\""},{\""name\"":\""tls_fingerprinting\"",\""type\"":\""string\""},{\""name\"":\""h2_fp\"",\""type\"":\""string\"",\""default\"":\""-\""},{\""name\"":\""ghost_ip\"",\""type\"":\""string\"",\""default\"":\""-\""},{\""name\"":\""akid\"",\""type\"":\""string\"",\""default\"":\""-\""},{\""name\"":\""api_id\"",\""type\"":\""string\"",\""default\"":\""-\""},{\""name\"":\""autopost\"",\""type\"":\""int\"",\""default\"":0},{\""name\"":\""account\"",\""type\"":\""string\"",\""default\"":\""-\""},{\""name\"":\""tls_fingerprinting_3\"",\""type\"":\""string\"",\""default\"":\""-\""},{\""name\"":\""tls_extension_order\"",\""type\"":\""string\"",\""default\"":\""-\""},{\""name\"":\""elliptic_curves_order\"",\""type\"":\""string\"",\""default\"":\""-\""},{\""name\"":\""signature_algorithms_order\"",\""type\"":\""string\"",\""default\"":\""-\""}]}, kafka.username=bootstrap-ajno5dmewwtaijvh, partition.max.files=50, write.storage.account.blob.storage.endpoint=https://bh4tenpctprod.blob.core.windows.net, kafka.consumer.auto.offset.reset=latest, read.storage.account.blob.container.name=gamora-behavioral4-ten-percent, spark.checkpoint.location=checkpoint, write.storage.account.blob.connectionString=null, kafka.skip.small.files.threshold=1000000, read.storage.account.blob.connection.mode=SERVICE_PRINCIPAL, write.storage.account.blob.connection.mode=SERVICE_PRINCIPAL, kafka.password=*********(redacted), kafka.topic=csi_prod_centralus_ingest.gamora-behavioral4-ten-percent, kafka.consumer.bootstrap.servers=redpanda-0.prod-redpanda.aks.prod.akamaicsi.net:31092,redpanda-1.prod-redpanda.aks.prod.akamaicsi.net:31092,redpanda-2.prod-redpanda.aks.prod.akamaicsi.net:31092,redpanda-3.prod-redpanda.aks.prod.akamaicsi.net:31092,redpanda-4.prod-redpanda.aks.prod.akamaicsi.net:31092,redpanda-5.prod-redpanda.aks.prod.akamaicsi.net:31092,redpanda-6.prod-redpanda.aks.prod.akamaicsi.net:31092,redpanda-7.prod-redpanda.aks.prod.akamaicsi.net:31092,redpanda-8.prod-redpanda.aks.prod.akamaicsi.net:31092,redpanda-9.prod-redpanda.aks.prod.akamaicsi.net:31092, read.storage.account.blob.client.secret=*********(redacted), kafka.consumer.group.id=csi_prod_centralus_ingest.polaris-bhv4-ten-percent-consumer0, kafka.poll.timeout=2000, write.storage.account.blob.container.name=ten-percent, kafka.seek.to.beginning=false, connector.name=polaris, kafka.max.total.poll.timeout.batch.sec=10, kafka.message.ttl.sec=172800, storage.input.class=com.akamai.csi.guardian.knowhere.storage.azure.BlobStorageClientImpl, kafka.consumer.max.poll.interval.ms=1800000, kafka.consumer.max.poll.records=1, write.storage.account.blob.authority.host=https://login.microsoftonline.com/, exactly.once.validation=true, read.storage.account.blob.client.id=e77b2ce2-6407-4369-bc31-52033c0efa7b, write.storage.account.blob.client.secret=*********(redacted), partition.max.memory.size=200000000, kafka.total.iteration.memory.hint=100000000000, write.storage.account.blob.client.id=e77b2ce2-6407-4369-bc31-52033c0efa7b, read.storage.account.blob.tenant.id=514876bd-5965-4b40-b0c8-e336cf72c743, kafka.consumer.security.protocol=SASL_SSL]""}","[""csi_prod_centralus_ingest.gamora-behavioral4-ten-percent""]"
97577,0,7023,default,polaris-bhv4-ten-percent,8,polaris-bhv4-ten-percent,2026-07-20T21:30:11,abfss://ten-percent@bh4tenpctprod.dfs.core.windows.net/delta,file,COMPLETED,2026-07-20T21:30:54.373000+00:00,2026-07-20T21:36:10.325000+00:00,315.952,,,,,output,,save at FormatSparkWriter.scala:28 (SaveIntoDataSourceCommand),"SaveIntoDataSourceCommand($VAR_1$, $VAR_2$, Append)
   :- Filter((rand($VAR_3$) < ($VAR_4$ / ($VAR_5$ / $VAR_5$))))
      :- DataSourceV2Relation($VAR_6$, [cpcode, ts, ip, host, path, user_agent, status_code, http_method, header_order_fingerprinting, query, referer, accept_language, content_type, header_size, cookie, start_time, global_id, request_checksum, tcp_fingerprinting, tls_fingerprinting, h2_fp, ghost_ip, akid, api_id, autopost, account, tls_fingerprinting_3, tls_extension_order, elliptic_curves_order, signature_algorithms_order], $VAR_7$)
","{""$VAR_1$"":""org.apache.spark.sql.delta.sources.DeltaDataSource@45110105"",""$VAR_2$"":""[path=abfss://ten-percent@bh4tenpctprod.dfs.core.windows.net/delta, compression=zstd, delta.logretentionduration=interval 3 days, mergeschema=true, __partition_columns=[\""ts\""], zstdcompressionlevel=3]"",""$VAR_3$"":""2898093220895835855L"",""$VAR_4$"":""'1.0'"",""$VAR_5$"":""1.0D"",""$VAR_6$"":""com.akamai.csi.guardian.knowhere.connectors.KafkaStorageTable@445bdde1"",""$VAR_7$"":""[commit.offsets.state=true_1784580549956, storage.output.class=com.akamai.csi.guardian.knowhere.storage.azure.BlobStorageClientImpl, num.of.partitions=0, read.storage.account.blob.storage.endpoint=https://gamorabhv4tenpercentprod.blob.core.windows.net, read.storage.account.blob.authority.host=https://login.microsoftonline.com/, kafka.consumer.sasl.mechanism=SCRAM-SHA-512, read.storage.account.blob.connectionString=null, kafka.has.records.count.statistics=false, write.storage.account.blob.tenant.id=514876bd-5965-4b40-b0c8-e336cf72c743, avro.schema={\""type\"":\""record\"",\""name\"":\""BEHAVIORAL4\"",\""fields\"":[{\""name\"":\""cpcode\"",\""type\"":\""long\""},{\""name\"":\""ts\"",\""type\"":\""long\""},{\""name\"":\""ip\"",\""type\"":\""string\""},{\""name\"":\""host\"",\""type\"":\""string\""},{\""name\"":\""path\"",\""type\"":\""string\""},{\""name\"":\""user_agent\"",\""type\"":\""string\"",\""decode\"":\""true\""},{\""name\"":\""status_code\"",\""type\"":\""int\""},{\""name\"":\""http_method\"",\""type\"":\""string\""},{\""name\"":\""header_order_fingerprinting\"",\""type\"":\""string\""},{\""name\"":\""query\"",\""type\"":\""string\""},{\""name\"":\""referer\"",\""type\"":\""string\""},{\""name\"":\""accept_language\"",\""type\"":\""string\""},{\""name\"":\""content_type\"",\""type\"":\""string\""},{\""name\"":\""header_size\"",\""type\"":\""string\""},{\""name\"":\""cookie\"",\""type\"":\""string\""},{\""name\"":\""start_time\"",\""type\"":\""string\""},{\""name\"":\""global_id\"",\""type\"":\""string\""},{\""name\"":\""request_checksum\"",\""type\"":\""string\""},{\""name\"":\""tcp_fingerprinting\"",\""type\"":\""string\""},{\""name\"":\""tls_fingerprinting\"",\""type\"":\""string\""},{\""name\"":\""h2_fp\"",\""type\"":\""string\"",\""default\"":\""-\""},{\""name\"":\""ghost_ip\"",\""type\"":\""string\"",\""default\"":\""-\""},{\""name\"":\""akid\"",\""type\"":\""string\"",\""default\"":\""-\""},{\""name\"":\""api_id\"",\""type\"":\""string\"",\""default\"":\""-\""},{\""name\"":\""autopost\"",\""type\"":\""int\"",\""default\"":0},{\""name\"":\""account\"",\""type\"":\""string\"",\""default\"":\""-\""},{\""name\"":\""tls_fingerprinting_3\"",\""type\"":\""string\"",\""default\"":\""-\""},{\""name\"":\""tls_extension_order\"",\""type\"":\""string\"",\""default\"":\""-\""},{\""name\"":\""elliptic_curves_order\"",\""type\"":\""string\"",\""default\"":\""-\""},{\""name\"":\""signature_algorithms_order\"",\""type\"":\""string\"",\""default\"":\""-\""}]}, kafka.username=bootstrap-ajno5dmewwtaijvh, partition.max.files=50, write.storage.account.blob.storage.endpoint=https://bh4tenpctprod.blob.core.windows.net, kafka.consumer.auto.offset.reset=latest, read.storage.account.blob.container.name=gamora-behavioral4-ten-percent, spark.checkpoint.location=checkpoint, write.storage.account.blob.connectionString=null, kafka.skip.small.files.threshold=1000000, read.storage.account.blob.connection.mode=SERVICE_PRINCIPAL, write.storage.account.blob.connection.mode=SERVICE_PRINCIPAL, kafka.password=*********(redacted), kafka.topic=csi_prod_centralus_ingest.gamora-behavioral4-ten-percent, kafka.consumer.bootstrap.servers=redpanda-0.prod-redpanda.aks.prod.akamaicsi.net:31092,redpanda-1.prod-redpanda.aks.prod.akamaicsi.net:31092,redpanda-2.prod-redpanda.aks.prod.akamaicsi.net:31092,redpanda-3.prod-redpanda.aks.prod.akamaicsi.net:31092,redpanda-4.prod-redpanda.aks.prod.akamaicsi.net:31092,redpanda-5.prod-redpanda.aks.prod.akamaicsi.net:31092,redpanda-6.prod-redpanda.aks.prod.akamaicsi.net:31092,redpanda-7.prod-redpanda.aks.prod.akamaicsi.net:31092,redpanda-8.prod-redpanda.aks.prod.akamaicsi.net:31092,redpanda-9.prod-redpanda.aks.prod.akamaicsi.net:31092, read.storage.account.blob.client.secret=*********(redacted), kafka.consumer.group.id=csi_prod_centralus_ingest.polaris-bhv4-ten-percent-consumer0, kafka.poll.timeout=2000, write.storage.account.blob.container.name=ten-percent, kafka.seek.to.beginning=false, connector.name=polaris, kafka.max.total.poll.timeout.batch.sec=10, kafka.message.ttl.sec=172800, storage.input.class=com.akamai.csi.guardian.knowhere.storage.azure.BlobStorageClientImpl, kafka.consumer.max.poll.interval.ms=1800000, kafka.consumer.max.poll.records=1, write.storage.account.blob.authority.host=https://login.microsoftonline.com/, exactly.once.validation=true, read.storage.account.blob.client.id=e77b2ce2-6407-4369-bc31-52033c0efa7b, write.storage.account.blob.client.secret=*********(redacted), partition.max.memory.size=200000000, kafka.total.iteration.memory.hint=100000000000, write.storage.account.blob.client.id=e77b2ce2-6407-4369-bc31-52033c0efa7b, read.storage.account.blob.tenant.id=514876bd-5965-4b40-b0c8-e336cf72c743, kafka.consumer.security.protocol=SASL_SSL]""}",,"SaveIntoDataSourceCommand($VAR_1$, $VAR_2$, Append)
   :- Filter((rand($VAR_3$) < ($VAR_4$ / ($VAR_5$ / $VAR_5$))))
      :- DataSourceV2Relation($VAR_6$, [cpcode, ts, ip, host, path, user_agent, status_code, http_method, header_order_fingerprinting, query, referer, accept_language, content_type, header_size, cookie, start_time, global_id, request_checksum, tcp_fingerprinting, tls_fingerprinting, h2_fp, ghost_ip, akid, api_id, autopost, account, tls_fingerprinting_3, tls_extension_order, elliptic_curves_order, signature_algorithms_order], $VAR_7$)
","{""$VAR_1$"":""org.apache.spark.sql.delta.sources.DeltaDataSource@7ce32c09"",""$VAR_2$"":""[path=abfss://ten-percent@bh4tenpctprod.dfs.core.windows.net/delta, compression=zstd, delta.logretentionduration=interval 3 days, mergeschema=true, __partition_columns=[\""ts\""], zstdcompressionlevel=3]"",""$VAR_3$"":""-3032238503287821285L"",""$VAR_4$"":""'1.0'"",""$VAR_5$"":""1.0D"",""$VAR_6$"":""com.akamai.csi.guardian.knowhere.connectors.KafkaStorageTable@6515f023"",""$VAR_7$"":""[commit.offsets.state=true_1784576491960, storage.output.class=com.akamai.csi.guardian.knowhere.storage.azure.BlobStorageClientImpl, num.of.partitions=0, read.storage.account.blob.storage.endpoint=https://gamorabhv4tenpercentprod.blob.core.windows.net, read.storage.account.blob.authority.host=https://login.microsoftonline.com/, kafka.consumer.sasl.mechanism=SCRAM-SHA-512, read.storage.account.blob.connectionString=null, kafka.has.records.count.statistics=false, write.storage.account.blob.tenant.id=514876bd-5965-4b40-b0c8-e336cf72c743, avro.schema={\""type\"":\""record\"",\""name\"":\""BEHAVIORAL4\"",\""fields\"":[{\""name\"":\""cpcode\"",\""type\"":\""long\""},{\""name\"":\""ts\"",\""type\"":\""long\""},{\""name\"":\""ip\"",\""type\"":\""string\""},{\""name\"":\""host\"",\""type\"":\""string\""},{\""name\"":\""path\"",\""type\"":\""string\""},{\""name\"":\""user_agent\"",\""type\"":\""string\"",\""decode\"":\""true\""},{\""name\"":\""status_code\"",\""type\"":\""int\""},{\""name\"":\""http_method\"",\""type\"":\""string\""},{\""name\"":\""header_order_fingerprinting\"",\""type\"":\""string\""},{\""name\"":\""query\"",\""type\"":\""string\""},{\""name\"":\""referer\"",\""type\"":\""string\""},{\""name\"":\""accept_language\"",\""type\"":\""string\""},{\""name\"":\""content_type\"",\""type\"":\""string\""},{\""name\"":\""header_size\"",\""type\"":\""string\""},{\""name\"":\""cookie\"",\""type\"":\""string\""},{\""name\"":\""start_time\"",\""type\"":\""string\""},{\""name\"":\""global_id\"",\""type\"":\""string\""},{\""name\"":\""request_checksum\"",\""type\"":\""string\""},{\""name\"":\""tcp_fingerprinting\"",\""type\"":\""string\""},{\""name\"":\""tls_fingerprinting\"",\""type\"":\""string\""},{\""name\"":\""h2_fp\"",\""type\"":\""string\"",\""default\"":\""-\""},{\""name\"":\""ghost_ip\"",\""type\"":\""string\"",\""default\"":\""-\""},{\""name\"":\""akid\"",\""type\"":\""string\"",\""default\"":\""-\""},{\""name\"":\""api_id\"",\""type\"":\""string\"",\""default\"":\""-\""},{\""name\"":\""autopost\"",\""type\"":\""int\"",\""default\"":0},{\""name\"":\""account\"",\""type\"":\""string\"",\""default\"":\""-\""},{\""name\"":\""tls_fingerprinting_3\"",\""type\"":\""string\"",\""default\"":\""-\""},{\""name\"":\""tls_extension_order\"",\""type\"":\""string\"",\""default\"":\""-\""},{\""name\"":\""elliptic_curves_order\"",\""type\"":\""string\"",\""default\"":\""-\""},{\""name\"":\""signature_algorithms_order\"",\""type\"":\""string\"",\""default\"":\""-\""}]}, kafka.username=bootstrap-ajno5dmewwtaijvh, partition.max.files=50, write.storage.account.blob.storage.endpoint=https://bh4tenpctprod.blob.core.windows.net, kafka.consumer.auto.offset.reset=latest, read.storage.account.blob.container.name=gamora-behavioral4-ten-percent, spark.checkpoint.location=checkpoint, write.storage.account.blob.connectionString=null, kafka.skip.small.files.threshold=1000000, read.storage.account.blob.connection.mode=SERVICE_PRINCIPAL, write.storage.account.blob.connection.mode=SERVICE_PRINCIPAL, kafka.password=*********(redacted), kafka.topic=csi_prod_centralus_ingest.gamora-behavioral4-ten-percent, kafka.consumer.bootstrap.servers=redpanda-0.prod-redpanda.aks.prod.akamaicsi.net:31092,redpanda-1.prod-redpanda.aks.prod.akamaicsi.net:31092,redpanda-2.prod-redpanda.aks.prod.akamaicsi.net:31092,redpanda-3.prod-redpanda.aks.prod.akamaicsi.net:31092,redpanda-4.prod-redpanda.aks.prod.akamaicsi.net:31092,redpanda-5.prod-redpanda.aks.prod.akamaicsi.net:31092,redpanda-6.prod-redpanda.aks.prod.akamaicsi.net:31092,redpanda-7.prod-redpanda.aks.prod.akamaicsi.net:31092,redpanda-8.prod-redpanda.aks.prod.akamaicsi.net:31092,redpanda-9.prod-redpanda.aks.prod.akamaicsi.net:31092, read.storage.account.blob.client.secret=*********(redacted), kafka.consumer.group.id=csi_prod_centralus_ingest.polaris-bhv4-ten-percent-consumer0, kafka.poll.timeout=2000, write.storage.account.blob.container.name=ten-percent, kafka.seek.to.beginning=false, connector.name=polaris, kafka.max.total.poll.timeout.batch.sec=10, kafka.message.ttl.sec=172800, storage.input.class=com.akamai.csi.guardian.knowhere.storage.azure.BlobStorageClientImpl, kafka.consumer.max.poll.interval.ms=1800000, kafka.consumer.max.poll.records=1, write.storage.account.blob.authority.host=https://login.microsoftonline.com/, exactly.once.validation=true, read.storage.account.blob.client.id=e77b2ce2-6407-4369-bc31-52033c0efa7b, write.storage.account.blob.client.secret=*********(redacted), partition.max.memory.size=200000000, kafka.total.iteration.memory.hint=100000000000, write.storage.account.blob.client.id=e77b2ce2-6407-4369-bc31-52033c0efa7b, read.storage.account.blob.tenant.id=514876bd-5965-4b40-b0c8-e336cf72c743, kafka.consumer.security.protocol=SASL_SSL]""}","[""csi_prod_centralus_ingest.gamora-behavioral4-ten-percent""]"
