task_id,event_id,start_time_ms,end_time_ms,category,sub_category,name,description,payload
6992,2,1784569234311,1784569259108,spark_execution,stage,Stage 0,"save at FormatSparkWriter.scala:28 - attempt=0, id=0, jobId=0, numTasks=219, partitions=219, status=succeeded, tfId=0","{""id"":0,""tfId"":0,""jobId"":0,""status"":""succeeded"",""attempt"":0,""metrics"":{""internal.metrics.jvmGCTime"":4049,""internal.metrics.resultSize"":182839211,""internal.metrics.executorCpuTime"":226810583200,""internal.metrics.executorRunTime"":878091,""internal.metrics.input.recordsRead"":6489406,""internal.metrics.executorDeserializeTime"":19778,""internal.metrics.resultSerializationTime"":1090,""internal.metrics.executorDeserializeCpuTime"":10724597900},""numTasks"":219,""partitions"":219,""taskMetricsDistributions"":{""duration"":[488.0,3389.0,3628.0,4125.0,8121.0],""jvmGcTime"":[0.0,0.0,8.0,21.0,82.0],""quantiles"":[0.0,0.25,0.5,0.75,1.0],""schedulerDelay"":[5.0,8.0,9.0,11.0,70.0],""executorRunTime"":[481.0,3375.0,3611.0,4111.0,7581.0],""executorDeserializeTime"":[1.0,2.0,2.0,4.0,570.0],""resultSerializationTime"":[0.0,4.0,4.0,5.0,25.0],""inputMetrics_recordsRead"":[1678.0,28367.0,30816.0,33248.0,41733.0]}}"
6992,4,1784569265728,1784569288293,spark_execution,stage,Stage 1,"save at FormatSparkWriter.scala:28 - attempt=0, id=1, jobId=1, numTasks=219, partitions=219, shuffleOutput=RangePartitioning(account_id, ts, CAST((_nondeterministic * 1500.0D) AS INT)), status=succeeded, tfId=0","{""id"":1,""tfId"":0,""jobId"":1,""status"":""succeeded"",""attempt"":0,""metrics"":{""internal.metrics.jvmGCTime"":1590,""internal.metrics.resultSize"":1114360,""internal.metrics.executorCpuTime"":257716022800,""internal.metrics.executorRunTime"":847536,""internal.metrics.input.recordsRead"":6489406,""internal.metrics.peakExecutionMemory"":46852297856,""internal.metrics.executorDeserializeTime"":4780,""internal.metrics.resultSerializationTime"":1,""internal.metrics.shuffle.write.writeTime"":9696413335,""internal.metrics.executorDeserializeCpuTime"":3125712700,""internal.metrics.shuffle.write.bytesWritten"":21088468245,""internal.metrics.shuffle.write.recordsWritten"":6489406},""numTasks"":219,""partitions"":219,""shuffleOutput"":""RangePartitioning(account_id, ts, CAST((_nondeterministic * 1500.0D) AS INT))"",""taskMetricsDistributions"":{""duration"":[578.0,3591.0,3913.0,4193.0,7529.0],""jvmGcTime"":[0.0,0.0,8.0,10.0,67.0],""quantiles"":[0.0,0.25,0.5,0.75,1.0],""schedulerDelay"":[3.0,4.0,5.0,6.0,38.0],""executorRunTime"":[569.0,3583.0,3894.0,4165.0,6537.0],""peakExecutionMemory"":[67141616.0,201850832.0,201850832.0,269483968.0,269483968.0],""executorDeserializeTime"":[2.0,3.0,4.0,5.0,962.0],""resultSerializationTime"":[0.0,0.0,0.0,0.0,1.0],""inputMetrics_recordsRead"":[1678.0,28367.0,30816.0,33248.0,41733.0],""shuffleWriteMetrics_writeBytes"":[6346120.0,90446439.0,99691240.0,107722039.0,135676825.0],""shuffleWriteMetrics_writeRecords"":[1678.0,28367.0,30816.0,33248.0,41733.0]}}"
6992,5,1784569288730,1784569319800,spark_execution,stage,Stage 3,"save at FormatSparkWriter.scala:28 - attempt=0, id=3, jobId=2, numTasks=322, parentStages=(2), partitions=322, shuffleInputs=(RangePartitioning(account_id, ts, CAST((_nondeterministic * 1500.0D) AS INT))), status=succeeded, tfId=0","{""id"":3,""tfId"":0,""jobId"":2,""status"":""succeeded"",""attempt"":0,""metrics"":{""internal.metrics.jvmGCTime"":1194,""internal.metrics.resultSize"":2765306,""internal.metrics.executorCpuTime"":312593019900,""internal.metrics.executorRunTime"":916338,""internal.metrics.output.bytesWritten"":6428320331,""internal.metrics.peakExecutionMemory"":48889975456,""internal.metrics.output.recordsWritten"":6489406,""internal.metrics.executorDeserializeTime"":5637,""internal.metrics.resultSerializationTime"":85,""internal.metrics.shuffle.read.recordsRead"":6489406,""internal.metrics.executorDeserializeCpuTime"":3920332600,""internal.metrics.shuffle.read.localBytesRead"":1049177080,""internal.metrics.shuffle.read.remoteBytesRead"":20039291165,""internal.metrics.shuffle.read.localBlocksFetched"":3515,""internal.metrics.shuffle.read.remoteReqsDuration"":57208,""internal.metrics.shuffle.read.remoteBlocksFetched"":67003},""numTasks"":322,""partitions"":322,""parentStages"":""(2)"",""shuffleInputs"":""(RangePartitioning(account_id, ts, CAST((_nondeterministic * 1500.0D) AS INT)))"",""taskMetricsDistributions"":{""duration"":[804.0,1228.0,2483.0,3628.0,14170.0],""jvmGcTime"":[0.0,0.0,0.0,5.0,30.0],""quantiles"":[0.0,0.25,0.5,0.75,1.0],""schedulerDelay"":[3.0,4.0,4.0,5.0,11.0],""executorRunTime"":[794.0,1216.0,2470.0,3615.0,14160.0],""peakExecutionMemory"":[67239920.0,134741984.0,134741984.0,201850832.0,268959680.0],""executorDeserializeTime"":[4.0,5.0,5.0,7.0,123.0],""resultSerializationTime"":[0.0,0.0,0.0,0.0,8.0],""outputMetrics_bytesWritten"":[2702589.0,9509302.0,16157944.0,27209205.0,69348063.0],""outputMetrics_recordsWritten"":[3923.0,20017.0,20153.0,20273.0,21927.0],""shuffleReadMetrics_readBytes"":[25829428.0,48610428.0,60701268.0,76212035.0,144112738.0],""shuffleReadMetrics_readRecords"":[3923.0,20017.0,20153.0,20273.0,21927.0]}}"
6992,7,1784569327989,1784569348737,spark_execution,stage,Stage 4,"save at FormatSparkWriter.scala:28 - attempt=0, id=4, jobId=3, numTasks=233, partitions=233, status=succeeded, tfId=1","{""id"":4,""tfId"":1,""jobId"":3,""status"":""succeeded"",""attempt"":0,""metrics"":{""internal.metrics.jvmGCTime"":1035,""internal.metrics.resultSize"":183133033,""internal.metrics.executorCpuTime"":177864700100,""internal.metrics.executorRunTime"":792167,""internal.metrics.input.recordsRead"":6559999,""internal.metrics.executorDeserializeTime"":570,""internal.metrics.resultSerializationTime"":832,""internal.metrics.executorDeserializeCpuTime"":476651500},""numTasks"":233,""partitions"":233,""taskMetricsDistributions"":{""duration"":[560.0,3178.0,3424.0,3680.0,5471.0],""jvmGcTime"":[0.0,0.0,0.0,8.0,28.0],""quantiles"":[0.0,0.25,0.5,0.75,1.0],""schedulerDelay"":[4.0,7.0,8.0,9.0,17.0],""executorRunTime"":[554.0,3164.0,3413.0,3667.0,5452.0],""executorDeserializeTime"":[1.0,1.0,1.0,1.0,78.0],""resultSerializationTime"":[0.0,3.0,4.0,4.0,6.0],""inputMetrics_recordsRead"":[1674.0,26130.0,29741.0,31899.0,38766.0]}}"
6992,9,1784569355114,1784569377937,spark_execution,stage,Stage 5,"save at FormatSparkWriter.scala:28 - attempt=0, id=5, jobId=4, numTasks=233, partitions=233, shuffleOutput=RangePartitioning(account_id, ts, CAST((_nondeterministic * 1500.0D) AS INT)), status=succeeded, tfId=1","{""id"":5,""tfId"":1,""jobId"":4,""status"":""succeeded"",""attempt"":0,""metrics"":{""internal.metrics.jvmGCTime"":1314,""internal.metrics.resultSize"":1236232,""internal.metrics.executorCpuTime"":246289852400,""internal.metrics.executorRunTime"":848226,""internal.metrics.input.recordsRead"":6559999,""internal.metrics.peakExecutionMemory"":47519192032,""internal.metrics.executorDeserializeTime"":773,""internal.metrics.shuffle.write.writeTime"":8284344080,""internal.metrics.executorDeserializeCpuTime"":738975100,""internal.metrics.shuffle.write.bytesWritten"":21249042827,""internal.metrics.shuffle.write.recordsWritten"":6559999},""numTasks"":233,""partitions"":233,""shuffleOutput"":""RangePartitioning(account_id, ts, CAST((_nondeterministic * 1500.0D) AS INT))"",""taskMetricsDistributions"":{""duration"":[539.0,3431.0,3719.0,3968.0,5201.0],""jvmGcTime"":[0.0,0.0,7.0,9.0,14.0],""quantiles"":[0.0,0.25,0.5,0.75,1.0],""schedulerDelay"":[2.0,3.0,4.0,4.0,8.0],""executorRunTime"":[533.0,3424.0,3714.0,3957.0,5194.0],""peakExecutionMemory"":[67141616.0,201850832.0,201850832.0,201850832.0,269483968.0],""executorDeserializeTime"":[2.0,2.0,3.0,3.0,9.0],""inputMetrics_recordsRead"":[1674.0,26130.0,29741.0,31899.0,38766.0],""shuffleWriteMetrics_writeBytes"":[6370667.0,83645344.0,94360098.0,102926045.0,127600775.0],""shuffleWriteMetrics_writeRecords"":[1674.0,26130.0,29741.0,31899.0,38766.0]}}"
6992,10,1784569378179,1784569404971,spark_execution,stage,Stage 7,"save at FormatSparkWriter.scala:28 - attempt=0, id=7, jobId=5, numTasks=321, parentStages=(6), partitions=321, shuffleInputs=(RangePartitioning(account_id, ts, CAST((_nondeterministic * 1500.0D) AS INT))), status=succeeded, tfId=1","{""id"":7,""tfId"":1,""jobId"":5,""status"":""succeeded"",""attempt"":0,""metrics"":{""internal.metrics.jvmGCTime"":644,""internal.metrics.resultSize"":2759766,""internal.metrics.executorCpuTime"":244013834800,""internal.metrics.executorRunTime"":833802,""internal.metrics.output.bytesWritten"":6421623011,""internal.metrics.peakExecutionMemory"":48757723840,""internal.metrics.output.recordsWritten"":6559999,""internal.metrics.executorDeserializeTime"":1654,""internal.metrics.shuffle.read.recordsRead"":6559999,""internal.metrics.executorDeserializeCpuTime"":1675018600,""internal.metrics.shuffle.read.localBytesRead"":1063260805,""internal.metrics.shuffle.read.remoteBytesRead"":20185782022,""internal.metrics.shuffle.read.localBlocksFetched"":3737,""internal.metrics.shuffle.read.remoteReqsDuration"":55105,""internal.metrics.shuffle.read.remoteBlocksFetched"":71054},""numTasks"":321,""partitions"":321,""parentStages"":""(6)"",""shuffleInputs"":""(RangePartitioning(account_id, ts, CAST((_nondeterministic * 1500.0D) AS INT)))"",""taskMetricsDistributions"":{""duration"":[781.0,1130.0,1950.0,3394.0,12259.0],""jvmGcTime"":[0.0,0.0,0.0,0.0,26.0],""quantiles"":[0.0,0.25,0.5,0.75,1.0],""schedulerDelay"":[2.0,3.0,4.0,4.0,6.0],""executorRunTime"":[774.0,1121.0,1941.0,3387.0,12251.0],""peakExecutionMemory"":[67633136.0,134741984.0,134741984.0,201850832.0,268959680.0],""executorDeserializeTime"":[4.0,4.0,4.0,5.0,12.0],""outputMetrics_bytesWritten"":[1533560.0,9457780.0,16311102.0,26286190.0,70381159.0],""outputMetrics_recordsWritten"":[17247.0,20246.0,20363.0,20494.0,22076.0],""shuffleReadMetrics_readBytes"":[26406166.0,49436978.0,61628657.0,76193193.0,146608118.0],""shuffleReadMetrics_readRecords"":[17247.0,20246.0,20363.0,20494.0,22076.0]}}"
6992,12,1784569412094,1784569433172,spark_execution,stage,Stage 8,"save at FormatSparkWriter.scala:28 - attempt=0, id=8, jobId=6, numTasks=213, partitions=213, status=succeeded, tfId=2","{""id"":8,""tfId"":2,""jobId"":6,""status"":""succeeded"",""attempt"":0,""metrics"":{""internal.metrics.jvmGCTime"":1191,""internal.metrics.resultSize"":181612176,""internal.metrics.executorCpuTime"":170515643700,""internal.metrics.executorRunTime"":742139,""internal.metrics.input.recordsRead"":6240536,""internal.metrics.executorDeserializeTime"":367,""internal.metrics.resultSerializationTime"":797,""internal.metrics.executorDeserializeCpuTime"":328042300},""numTasks"":213,""partitions"":213,""taskMetricsDistributions"":{""duration"":[570.0,3295.0,3519.0,3709.0,5293.0],""jvmGcTime"":[0.0,0.0,5.0,10.0,28.0],""quantiles"":[0.0,0.25,0.5,0.75,1.0],""schedulerDelay"":[4.0,7.0,8.0,9.0,14.0],""executorRunTime"":[564.0,3281.0,3506.0,3699.0,5274.0],""executorDeserializeTime"":[1.0,1.0,1.0,1.0,10.0],""resultSerializationTime"":[0.0,4.0,4.0,4.0,6.0],""inputMetrics_recordsRead"":[1782.0,28022.0,30538.0,32771.0,41104.0]}}"
6992,14,1784569440417,1784569461903,spark_execution,stage,Stage 9,"save at FormatSparkWriter.scala:28 - attempt=0, id=9, jobId=7, numTasks=213, partitions=213, shuffleOutput=RangePartitioning(account_id, ts, CAST((_nondeterministic * 1500.0D) AS INT)), status=succeeded, tfId=2","{""id"":9,""tfId"":2,""jobId"":7,""status"":""succeeded"",""attempt"":0,""metrics"":{""internal.metrics.jvmGCTime"":1464,""internal.metrics.resultSize"":1080534,""internal.metrics.executorCpuTime"":238885426700,""internal.metrics.executorRunTime"":795066,""internal.metrics.input.recordsRead"":6240536,""internal.metrics.peakExecutionMemory"":45636212128,""internal.metrics.executorDeserializeTime"":640,""internal.metrics.shuffle.write.writeTime"":8105065252,""internal.metrics.executorDeserializeCpuTime"":616968700,""internal.metrics.shuffle.write.bytesWritten"":20842471980,""internal.metrics.shuffle.write.recordsWritten"":6240536},""numTasks"":213,""partitions"":213,""shuffleOutput"":""RangePartitioning(account_id, ts, CAST((_nondeterministic * 1500.0D) AS INT))"",""taskMetricsDistributions"":{""duration"":[628.0,3582.0,3769.0,4032.0,5597.0],""jvmGcTime"":[0.0,0.0,9.0,11.0,17.0],""quantiles"":[0.0,0.25,0.5,0.75,1.0],""schedulerDelay"":[2.0,3.0,4.0,4.0,7.0],""executorRunTime"":[621.0,3575.0,3763.0,4023.0,5592.0],""peakExecutionMemory"":[67141616.0,201850832.0,201850832.0,269483968.0,269483968.0],""executorDeserializeTime"":[1.0,2.0,2.0,3.0,8.0],""inputMetrics_recordsRead"":[1782.0,28022.0,30538.0,32771.0,41104.0],""shuffleWriteMetrics_writeBytes"":[7035818.0,93201233.0,101582258.0,109032286.0,135253660.0],""shuffleWriteMetrics_writeRecords"":[1782.0,28022.0,30538.0,32771.0,41104.0]}}"
6992,15,1784569462124,1784569487811,spark_execution,stage,Stage 11,"save at FormatSparkWriter.scala:28 - attempt=0, id=11, jobId=8, numTasks=313, parentStages=(10), partitions=313, shuffleInputs=(RangePartitioning(account_id, ts, CAST((_nondeterministic * 1500.0D) AS INT))), status=succeeded, tfId=2","{""id"":11,""tfId"":2,""jobId"":8,""status"":""succeeded"",""attempt"":0,""metrics"":{""internal.metrics.jvmGCTime"":605,""internal.metrics.resultSize"":2714943,""internal.metrics.executorCpuTime"":237218645200,""internal.metrics.executorRunTime"":830942,""internal.metrics.output.bytesWritten"":6526832021,""internal.metrics.peakExecutionMemory"":47408731136,""internal.metrics.output.recordsWritten"":6240536,""internal.metrics.executorDeserializeTime"":1531,""internal.metrics.shuffle.read.recordsRead"":6240536,""internal.metrics.executorDeserializeCpuTime"":1543567600,""internal.metrics.shuffle.read.localBytesRead"":1039701746,""internal.metrics.shuffle.read.remoteBytesRead"":19802770234,""internal.metrics.shuffle.read.localBlocksFetched"":3325,""internal.metrics.shuffle.read.remoteReqsDuration"":55069,""internal.metrics.shuffle.read.remoteBlocksFetched"":63340},""numTasks"":313,""partitions"":313,""parentStages"":""(10)"",""shuffleInputs"":""(RangePartitioning(account_id, ts, CAST((_nondeterministic * 1500.0D) AS INT)))"",""taskMetricsDistributions"":{""duration"":[779.0,1140.0,2105.0,3476.0,10931.0],""jvmGcTime"":[0.0,0.0,0.0,0.0,21.0],""quantiles"":[0.0,0.25,0.5,0.75,1.0],""schedulerDelay"":[2.0,3.0,4.0,4.0,14.0],""executorRunTime"":[772.0,1132.0,2097.0,3462.0,10922.0],""peakExecutionMemory"":[67633136.0,134741984.0,134741984.0,201850832.0,268959680.0],""executorDeserializeTime"":[4.0,4.0,4.0,5.0,16.0],""outputMetrics_bytesWritten"":[2303103.0,10663195.0,16949418.0,29398944.0,69058830.0],""outputMetrics_recordsWritten"":[15747.0,19849.0,19958.0,20062.0,20398.0],""shuffleReadMetrics_readBytes"":[25760937.0,49176740.0,61712492.0,77535789.0,143005589.0],""shuffleReadMetrics_readRecords"":[15747.0,19849.0,19958.0,20062.0,20398.0]}}"
6992,17,1784569495277,1784569515049,spark_execution,stage,Stage 12,"save at FormatSparkWriter.scala:28 - attempt=0, id=12, jobId=9, numTasks=211, partitions=211, status=succeeded, tfId=3","{""id"":12,""tfId"":3,""jobId"":9,""status"":""succeeded"",""attempt"":0,""metrics"":{""internal.metrics.jvmGCTime"":1372,""internal.metrics.resultSize"":181673923,""internal.metrics.executorCpuTime"":167383221100,""internal.metrics.executorRunTime"":730893,""internal.metrics.input.recordsRead"":6236939,""internal.metrics.executorDeserializeTime"":374,""internal.metrics.resultSerializationTime"":786,""internal.metrics.executorDeserializeCpuTime"":313187700},""numTasks"":211,""partitions"":211,""taskMetricsDistributions"":{""duration"":[519.0,3242.0,3464.0,3736.0,5042.0],""jvmGcTime"":[0.0,0.0,7.0,10.0,27.0],""quantiles"":[0.0,0.25,0.5,0.75,1.0],""schedulerDelay"":[4.0,7.0,8.0,9.0,13.0],""executorRunTime"":[514.0,3229.0,3450.0,3723.0,5032.0],""executorDeserializeTime"":[0.0,1.0,1.0,1.0,11.0],""resultSerializationTime"":[0.0,4.0,4.0,4.0,9.0],""inputMetrics_recordsRead"":[1573.0,28234.0,30602.0,33106.0,43506.0]}}"
6992,19,1784569522194,1784569544138,spark_execution,stage,Stage 13,"save at FormatSparkWriter.scala:28 - attempt=0, id=13, jobId=10, numTasks=211, partitions=211, shuffleOutput=RangePartitioning(account_id, ts, CAST((_nondeterministic * 1500.0D) AS INT)), status=succeeded, tfId=3","{""id"":13,""tfId"":3,""jobId"":10,""status"":""succeeded"",""attempt"":0,""metrics"":{""internal.metrics.jvmGCTime"":1406,""internal.metrics.resultSize"":1059939,""internal.metrics.executorCpuTime"":237956720700,""internal.metrics.executorRunTime"":799953,""internal.metrics.input.recordsRead"":6236939,""internal.metrics.peakExecutionMemory"":45840422256,""internal.metrics.executorDeserializeTime"":618,""internal.metrics.shuffle.write.writeTime"":8340823550,""internal.metrics.executorDeserializeCpuTime"":602477900,""internal.metrics.shuffle.write.bytesWritten"":20827726590,""internal.metrics.shuffle.write.recordsWritten"":6236939},""numTasks"":211,""partitions"":211,""shuffleOutput"":""RangePartitioning(account_id, ts, CAST((_nondeterministic * 1500.0D) AS INT))"",""taskMetricsDistributions"":{""duration"":[505.0,3602.0,3834.0,4035.0,5248.0],""jvmGcTime"":[0.0,0.0,9.0,11.0,12.0],""quantiles"":[0.0,0.25,0.5,0.75,1.0],""schedulerDelay"":[2.0,3.0,4.0,4.0,8.0],""executorRunTime"":[500.0,3596.0,3826.0,4030.0,5243.0],""peakExecutionMemory"":[67141616.0,201850832.0,201850832.0,269483968.0,336592816.0],""executorDeserializeTime"":[2.0,2.0,2.0,2.0,11.0],""inputMetrics_recordsRead"":[1573.0,28234.0,30602.0,33106.0,43506.0],""shuffleWriteMetrics_writeBytes"":[6031476.0,93808214.0,102149881.0,109765662.0,142567973.0],""shuffleWriteMetrics_writeRecords"":[1573.0,28234.0,30602.0,33106.0,43506.0]}}"
6992,20,1784569544352,1784569569141,spark_execution,stage,Stage 15,"save at FormatSparkWriter.scala:28 - attempt=0, id=15, jobId=11, numTasks=313, parentStages=(14), partitions=313, shuffleInputs=(RangePartitioning(account_id, ts, CAST((_nondeterministic * 1500.0D) AS INT))), status=succeeded, tfId=3","{""id"":15,""tfId"":3,""jobId"":11,""status"":""succeeded"",""attempt"":0,""metrics"":{""internal.metrics.jvmGCTime"":518,""internal.metrics.resultSize"":2707008,""internal.metrics.executorCpuTime"":233194021400,""internal.metrics.executorRunTime"":818965,""internal.metrics.output.bytesWritten"":6523104135,""internal.metrics.peakExecutionMemory"":47744275376,""internal.metrics.output.recordsWritten"":6236939,""internal.metrics.executorDeserializeTime"":1546,""internal.metrics.shuffle.read.recordsRead"":6236939,""internal.metrics.executorDeserializeCpuTime"":1568209400,""internal.metrics.shuffle.read.localBytesRead"":1039233700,""internal.metrics.shuffle.read.remoteBytesRead"":19788492890,""internal.metrics.shuffle.read.localBlocksFetched"":3301,""internal.metrics.shuffle.read.remoteReqsDuration"":52846,""internal.metrics.shuffle.read.remoteBlocksFetched"":62740},""numTasks"":313,""partitions"":313,""parentStages"":""(14)"",""shuffleInputs"":""(RangePartitioning(account_id, ts, CAST((_nondeterministic * 1500.0D) AS INT)))"",""taskMetricsDistributions"":{""duration"":[709.0,1093.0,2099.0,3405.0,10951.0],""jvmGcTime"":[0.0,0.0,0.0,0.0,18.0],""quantiles"":[0.0,0.25,0.5,0.75,1.0],""schedulerDelay"":[2.0,3.0,4.0,4.0,11.0],""executorRunTime"":[702.0,1080.0,2092.0,3398.0,10941.0],""peakExecutionMemory"":[67633136.0,134741984.0,134741984.0,201850832.0,268959680.0],""executorDeserializeTime"":[3.0,4.0,4.0,4.0,12.0],""outputMetrics_bytesWritten"":[1533822.0,10470325.0,16961902.0,29885942.0,66721547.0],""outputMetrics_recordsWritten"":[13289.0,19830.0,19944.0,20073.0,20452.0],""shuffleReadMetrics_readBytes"":[25751973.0,48748022.0,61765165.0,77629323.0,138929212.0],""shuffleReadMetrics_readRecords"":[13289.0,19830.0,19944.0,20073.0,20452.0]}}"
6992,22,1784569575050,1784569595460,spark_execution,stage,Stage 16,"save at FormatSparkWriter.scala:28 - attempt=0, id=16, jobId=12, numTasks=214, partitions=214, status=succeeded, tfId=4","{""id"":16,""tfId"":4,""jobId"":12,""status"":""succeeded"",""attempt"":0,""metrics"":{""internal.metrics.jvmGCTime"":1394,""internal.metrics.resultSize"":181220339,""internal.metrics.executorCpuTime"":167403178100,""internal.metrics.executorRunTime"":744020,""internal.metrics.input.recordsRead"":6231012,""internal.metrics.executorDeserializeTime"":355,""internal.metrics.resultSerializationTime"":763,""internal.metrics.executorDeserializeCpuTime"":301566800},""numTasks"":214,""partitions"":214,""taskMetricsDistributions"":{""duration"":[574.0,3301.0,3541.0,3795.0,5366.0],""jvmGcTime"":[0.0,0.0,7.0,10.0,27.0],""quantiles"":[0.0,0.25,0.5,0.75,1.0],""schedulerDelay"":[3.0,6.0,7.0,8.0,12.0],""executorRunTime"":[570.0,3289.0,3530.0,3779.0,5350.0],""executorDeserializeTime"":[0.0,1.0,1.0,1.0,10.0],""resultSerializationTime"":[0.0,3.0,4.0,4.0,5.0],""inputMetrics_recordsRead"":[1378.0,27780.0,30487.0,32804.0,40614.0]}}"
6992,24,1784569602522,1784569624370,spark_execution,stage,Stage 17,"save at FormatSparkWriter.scala:28 - attempt=0, id=17, jobId=13, numTasks=214, partitions=214, shuffleOutput=RangePartitioning(account_id, ts, CAST((_nondeterministic * 1500.0D) AS INT)), status=succeeded, tfId=4","{""id"":17,""tfId"":4,""jobId"":13,""status"":""succeeded"",""attempt"":0,""metrics"":{""internal.metrics.jvmGCTime"":1332,""internal.metrics.resultSize"":1094144,""internal.metrics.executorCpuTime"":236074561600,""internal.metrics.executorRunTime"":811286,""internal.metrics.input.recordsRead"":6231012,""internal.metrics.peakExecutionMemory"":45972411728,""internal.metrics.executorDeserializeTime"":638,""internal.metrics.shuffle.write.writeTime"":8582821419,""internal.metrics.executorDeserializeCpuTime"":588185100,""internal.metrics.shuffle.write.bytesWritten"":20832059660,""internal.metrics.shuffle.write.recordsWritten"":6231012},""numTasks"":214,""partitions"":214,""shuffleOutput"":""RangePartitioning(account_id, ts, CAST((_nondeterministic * 1500.0D) AS INT))"",""taskMetricsDistributions"":{""duration"":[654.0,3546.0,3826.0,4105.0,6008.0],""jvmGcTime"":[0.0,0.0,8.0,10.0,20.0],""quantiles"":[0.0,0.25,0.5,0.75,1.0],""schedulerDelay"":[2.0,3.0,4.0,4.0,7.0],""executorRunTime"":[649.0,3541.0,3821.0,4100.0,5996.0],""peakExecutionMemory"":[67141616.0,201850832.0,201850832.0,269483968.0,269483968.0],""executorDeserializeTime"":[2.0,2.0,2.0,2.0,13.0],""inputMetrics_recordsRead"":[1378.0,27780.0,30487.0,32804.0,40614.0],""shuffleWriteMetrics_writeBytes"":[5469431.0,92389579.0,101859915.0,109452637.0,133897079.0],""shuffleWriteMetrics_writeRecords"":[1378.0,27780.0,30487.0,32804.0,40614.0]}}"
6992,25,1784569624697,1784569649786,spark_execution,stage,Stage 19,"save at FormatSparkWriter.scala:28 - attempt=0, id=19, jobId=14, numTasks=313, parentStages=(18), partitions=313, shuffleInputs=(RangePartitioning(account_id, ts, CAST((_nondeterministic * 1500.0D) AS INT))), status=succeeded, tfId=4","{""id"":19,""tfId"":4,""jobId"":14,""status"":""succeeded"",""attempt"":0,""metrics"":{""internal.metrics.jvmGCTime"":540,""internal.metrics.resultSize"":2702531,""internal.metrics.executorCpuTime"":232340688400,""internal.metrics.executorRunTime"":819611,""internal.metrics.output.bytesWritten"":6511858932,""internal.metrics.peakExecutionMemory"":47542948832,""internal.metrics.output.recordsWritten"":6231012,""internal.metrics.executorDeserializeTime"":1511,""internal.metrics.resultSerializationTime"":1,""internal.metrics.shuffle.read.recordsRead"":6231012,""internal.metrics.executorDeserializeCpuTime"":1524129500,""internal.metrics.shuffle.read.localBytesRead"":1040580152,""internal.metrics.shuffle.read.remoteBytesRead"":19791479508,""internal.metrics.shuffle.read.localBlocksFetched"":3344,""internal.metrics.shuffle.read.remoteReqsDuration"":53052,""internal.metrics.shuffle.read.remoteBlocksFetched"":63634},""numTasks"":313,""partitions"":313,""parentStages"":""(18)"",""shuffleInputs"":""(RangePartitioning(account_id, ts, CAST((_nondeterministic * 1500.0D) AS INT)))"",""taskMetricsDistributions"":{""duration"":[729.0,1132.0,2103.0,3339.0,11292.0],""jvmGcTime"":[0.0,0.0,0.0,0.0,19.0],""quantiles"":[0.0,0.25,0.5,0.75,1.0],""schedulerDelay"":[2.0,3.0,3.0,4.0,8.0],""executorRunTime"":[722.0,1124.0,2095.0,3332.0,11285.0],""peakExecutionMemory"":[67633136.0,134741984.0,134741984.0,201850832.0,268959680.0],""executorDeserializeTime"":[4.0,4.0,4.0,5.0,18.0],""resultSerializationTime"":[0.0,0.0,0.0,0.0,1.0],""outputMetrics_bytesWritten"":[1498041.0,10408557.0,17050195.0,28052966.0,68998488.0],""outputMetrics_recordsWritten"":[15561.0,19807.0,19922.0,20046.0,20436.0],""shuffleReadMetrics_readBytes"":[22075633.0,48848768.0,62019537.0,76942620.0,143221813.0],""shuffleReadMetrics_readRecords"":[15561.0,19807.0,19922.0,20046.0,20436.0]}}"
6992,27,1784569656637,1784569677076,spark_execution,stage,Stage 20,"save at FormatSparkWriter.scala:28 - attempt=0, id=20, jobId=15, numTasks=229, partitions=229, status=succeeded, tfId=5","{""id"":20,""tfId"":5,""jobId"":15,""status"":""succeeded"",""attempt"":0,""metrics"":{""internal.metrics.jvmGCTime"":1314,""internal.metrics.resultSize"":181851040,""internal.metrics.executorCpuTime"":166731955500,""internal.metrics.executorRunTime"":768155,""internal.metrics.input.recordsRead"":6238496,""internal.metrics.executorDeserializeTime"":360,""internal.metrics.resultSerializationTime"":815,""internal.metrics.executorDeserializeCpuTime"":323663300},""numTasks"":229,""partitions"":229,""taskMetricsDistributions"":{""duration"":[588.0,3157.0,3374.0,3616.0,5507.0],""jvmGcTime"":[0.0,0.0,0.0,9.0,25.0],""quantiles"":[0.0,0.25,0.5,0.75,1.0],""schedulerDelay"":[3.0,6.0,7.0,8.0,11.0],""executorRunTime"":[582.0,3146.0,3360.0,3606.0,5491.0],""executorDeserializeTime"":[0.0,1.0,1.0,1.0,5.0],""resultSerializationTime"":[0.0,3.0,4.0,4.0,6.0],""inputMetrics_recordsRead"":[1316.0,25099.0,28261.0,30895.0,39864.0]}}"
6992,29,1784569683394,1784569705609,spark_execution,stage,Stage 21,"save at FormatSparkWriter.scala:28 - attempt=0, id=21, jobId=16, numTasks=229, partitions=229, shuffleOutput=RangePartitioning(account_id, ts, CAST((_nondeterministic * 1500.0D) AS INT)), status=succeeded, tfId=5","{""id"":21,""tfId"":5,""jobId"":16,""status"":""succeeded"",""attempt"":0,""metrics"":{""internal.metrics.jvmGCTime"":1447,""internal.metrics.resultSize"":1216821,""internal.metrics.executorCpuTime"":237078421000,""internal.metrics.executorRunTime"":839462,""internal.metrics.input.recordsRead"":6238496,""internal.metrics.peakExecutionMemory"":46167184672,""internal.metrics.executorDeserializeTime"":637,""internal.metrics.shuffle.write.writeTime"":8142446887,""internal.metrics.executorDeserializeCpuTime"":642830600,""internal.metrics.shuffle.write.bytesWritten"":20926423651,""internal.metrics.shuffle.write.recordsWritten"":6238496},""numTasks"":229,""partitions"":229,""shuffleOutput"":""RangePartitioning(account_id, ts, CAST((_nondeterministic * 1500.0D) AS INT))"",""taskMetricsDistributions"":{""duration"":[533.0,3397.0,3682.0,3963.0,5513.0],""jvmGcTime"":[0.0,0.0,9.0,10.0,13.0],""quantiles"":[0.0,0.25,0.5,0.75,1.0],""schedulerDelay"":[2.0,3.0,4.0,4.0,7.0],""executorRunTime"":[526.0,3392.0,3676.0,3958.0,5503.0],""peakExecutionMemory"":[67141616.0,201850832.0,201850832.0,201850832.0,269483968.0],""executorDeserializeTime"":[2.0,2.0,2.0,3.0,7.0],""inputMetrics_recordsRead"":[1316.0,25099.0,28261.0,30895.0,39864.0],""shuffleWriteMetrics_writeBytes"":[5280220.0,84647623.0,94517537.0,102938709.0,130700899.0],""shuffleWriteMetrics_writeRecords"":[1316.0,25099.0,28261.0,30895.0,39864.0]}}"
6992,30,1784569705834,1784569730263,spark_execution,stage,Stage 23,"save at FormatSparkWriter.scala:28 - attempt=0, id=23, jobId=17, numTasks=316, parentStages=(22), partitions=316, shuffleInputs=(RangePartitioning(account_id, ts, CAST((_nondeterministic * 1500.0D) AS INT))), status=succeeded, tfId=5","{""id"":23,""tfId"":5,""jobId"":17,""status"":""succeeded"",""attempt"":0,""metrics"":{""internal.metrics.jvmGCTime"":474,""internal.metrics.resultSize"":2722895,""internal.metrics.executorCpuTime"":230101941600,""internal.metrics.executorRunTime"":812493,""internal.metrics.output.bytesWritten"":6480998558,""internal.metrics.peakExecutionMemory"":47812957088,""internal.metrics.output.recordsWritten"":6238496,""internal.metrics.executorDeserializeTime"":1676,""internal.metrics.shuffle.read.recordsRead"":6238496,""internal.metrics.executorDeserializeCpuTime"":1513092800,""internal.metrics.shuffle.read.localBytesRead"":1048647547,""internal.metrics.shuffle.read.remoteBytesRead"":19877776104,""internal.metrics.shuffle.read.localBlocksFetched"":3624,""internal.metrics.shuffle.read.remoteReqsDuration"":51116,""internal.metrics.shuffle.read.remoteBlocksFetched"":68734},""numTasks"":316,""partitions"":316,""parentStages"":""(22)"",""shuffleInputs"":""(RangePartitioning(account_id, ts, CAST((_nondeterministic * 1500.0D) AS INT)))"",""taskMetricsDistributions"":{""duration"":[758.0,1079.0,1890.0,3318.0,10330.0],""jvmGcTime"":[0.0,0.0,0.0,0.0,20.0],""quantiles"":[0.0,0.25,0.5,0.75,1.0],""schedulerDelay"":[2.0,3.0,3.0,4.0,7.0],""executorRunTime"":[751.0,1070.0,1883.0,3311.0,10322.0],""peakExecutionMemory"":[67633136.0,134741984.0,134741984.0,201850832.0,201850832.0],""executorDeserializeTime"":[4.0,4.0,4.0,4.0,17.0],""outputMetrics_bytesWritten"":[1473821.0,10222198.0,16738621.0,28563642.0,65464383.0],""outputMetrics_recordsWritten"":[16049.0,19500.0,19821.0,19972.0,20415.0],""shuffleReadMetrics_readBytes"":[24157471.0,48932732.0,61897647.0,80040968.0,135991689.0],""shuffleReadMetrics_readRecords"":[16049.0,19500.0,19821.0,19972.0,20415.0]}}"
6992,32,1784569735394,1784569739088,spark_execution,stage,Stage 24,"save at FormatSparkWriter.scala:28 - attempt=0, id=24, jobId=18, numTasks=5, partitions=5, status=succeeded, tfId=6","{""id"":24,""tfId"":6,""jobId"":18,""status"":""succeeded"",""attempt"":0,""metrics"":{""internal.metrics.resultSize"":7846772,""internal.metrics.executorCpuTime"":3502569800,""internal.metrics.executorRunTime"":14652,""internal.metrics.input.recordsRead"":127500,""internal.metrics.executorDeserializeTime"":19,""internal.metrics.resultSerializationTime"":38,""internal.metrics.executorDeserializeCpuTime"":12416500},""numTasks"":5,""partitions"":5,""taskMetricsDistributions"":{""duration"":[1075.0,2871.0,3533.0,3665.0,3691.0],""quantiles"":[0.0,0.25,0.5,0.75,1.0],""schedulerDelay"":[7.0,7.0,8.0,8.0,12.0],""executorRunTime"":[1061.0,2814.0,3503.0,3622.0,3652.0],""gettingResultTime"":[0.0,11.0,19.0,20.0,34.0],""executorDeserializeTime"":[3.0,4.0,4.0,4.0,4.0],""resultSerializationTime"":[2.0,7.0,9.0,9.0,11.0],""inputMetrics_recordsRead"":[8434.0,23548.0,29684.0,32034.0,33800.0]}}"
6992,34,1784569739228,1784569743354,spark_execution,stage,Stage 25,"save at FormatSparkWriter.scala:28 - attempt=0, id=25, jobId=19, numTasks=5, partitions=5, shuffleOutput=RangePartitioning(account_id, ts, CAST((_nondeterministic * 1500.0D) AS INT)), status=succeeded, tfId=6","{""id"":25,""tfId"":6,""jobId"":19,""status"":""succeeded"",""attempt"":0,""metrics"":{""internal.metrics.jvmGCTime"":31,""internal.metrics.resultSize"":29898,""internal.metrics.executorCpuTime"":4966689500,""internal.metrics.executorRunTime"":15027,""internal.metrics.input.recordsRead"":127500,""internal.metrics.peakExecutionMemory"":942407456,""internal.metrics.executorDeserializeTime"":28,""internal.metrics.shuffle.write.writeTime"":164121856,""internal.metrics.executorDeserializeCpuTime"":18934400,""internal.metrics.shuffle.write.bytesWritten"":426102226,""internal.metrics.shuffle.write.recordsWritten"":127500},""numTasks"":5,""partitions"":5,""shuffleOutput"":""RangePartitioning(account_id, ts, CAST((_nondeterministic * 1500.0D) AS INT))"",""taskMetricsDistributions"":{""duration"":[1235.0,2985.0,3354.0,3383.0,4119.0],""jvmGcTime"":[0.0,0.0,0.0,13.0,18.0],""quantiles"":[0.0,0.25,0.5,0.75,1.0],""schedulerDelay"":[4.0,4.0,4.0,4.0,5.0],""executorRunTime"":[1224.0,2975.0,3344.0,3374.0,4110.0],""peakExecutionMemory"":[67370992.0,201850832.0,201850832.0,201850832.0,269483968.0],""executorDeserializeTime"":[5.0,5.0,6.0,6.0,6.0],""inputMetrics_recordsRead"":[8434.0,23548.0,29684.0,32034.0,33800.0],""shuffleWriteMetrics_writeBytes"":[31940027.0,78953146.0,97865132.0,105197625.0,112146296.0],""shuffleWriteMetrics_writeRecords"":[8434.0,23548.0,29684.0,32034.0,33800.0]}}"
6992,35,1784569743526,1784569761971,spark_execution,stage,Stage 27,"save at FormatSparkWriter.scala:28 - attempt=0, id=27, jobId=20, numTasks=40, parentStages=(26), partitions=40, shuffleInputs=(RangePartitioning(account_id, ts, CAST((_nondeterministic * 1500.0D) AS INT))), status=succeeded, tfId=6","{""id"":27,""tfId"":6,""jobId"":20,""status"":""succeeded"",""attempt"":0,""metrics"":{""internal.metrics.jvmGCTime"":153,""internal.metrics.resultSize"":493362,""internal.metrics.executorCpuTime"":18423849600,""internal.metrics.executorRunTime"":239428,""internal.metrics.output.bytesWritten"":275651106,""internal.metrics.peakExecutionMemory"":2689596800,""internal.metrics.output.recordsWritten"":127500,""internal.metrics.executorDeserializeTime"":400,""internal.metrics.shuffle.read.recordsRead"":127500,""internal.metrics.executorDeserializeCpuTime"":233967900,""internal.metrics.shuffle.read.fetchWaitTime"":147,""internal.metrics.shuffle.read.localBytesRead"":24659908,""internal.metrics.shuffle.read.remoteBytesRead"":401442318,""internal.metrics.shuffle.read.localBlocksFetched"":10,""internal.metrics.shuffle.read.remoteReqsDuration"":1882,""internal.metrics.shuffle.read.remoteBlocksFetched"":190},""numTasks"":40,""partitions"":40,""parentStages"":""(26)"",""shuffleInputs"":""(RangePartitioning(account_id, ts, CAST((_nondeterministic * 1500.0D) AS INT)))"",""taskMetricsDistributions"":{""duration"":[583.0,3224.0,4377.0,7583.0,18432.0],""jvmGcTime"":[0.0,0.0,0.0,0.0,19.0],""quantiles"":[0.0,0.25,0.5,0.75,1.0],""schedulerDelay"":[3.0,4.0,5.0,5.0,6.0],""executorRunTime"":[568.0,3211.0,4363.0,7568.0,18418.0],""peakExecutionMemory"":[67239920.0,67239920.0,67239920.0,67239920.0,67239920.0],""executorDeserializeTime"":[8.0,9.0,9.0,10.0,26.0],""outputMetrics_bytesWritten"":[1117535.0,4171823.0,6859127.0,9504145.0,15001329.0],""outputMetrics_recordsWritten"":[3124.0,3162.0,3186.0,3200.0,3442.0],""shuffleReadMetrics_readBytes"":[6956750.0,8911261.0,10215896.0,11414244.0,17837770.0],""shuffleReadMetrics_readRecords"":[3124.0,3162.0,3186.0,3200.0,3442.0]}}"
6992,36,1784569766320,1784569783901,spark_execution,stage,Stage 28,"save at FormatSparkWriter.scala:28 - attempt=0, id=28, jobId=21, numTasks=184, partitions=184, status=succeeded, tfId=7","{""id"":28,""tfId"":7,""jobId"":21,""status"":""succeeded"",""attempt"":0,""metrics"":{""internal.metrics.jvmGCTime"":1277,""internal.metrics.resultSize"":180670713,""internal.metrics.executorCpuTime"":144942279300,""internal.metrics.executorRunTime"":633988,""internal.metrics.input.recordsRead"":5348043,""internal.metrics.executorDeserializeTime"":312,""internal.metrics.resultSerializationTime"":787,""internal.metrics.executorDeserializeCpuTime"":267764200},""numTasks"":184,""partitions"":184,""taskMetricsDistributions"":{""duration"":[925.0,3214.0,3435.0,3728.0,6305.0],""jvmGcTime"":[0.0,0.0,5.0,10.0,35.0],""quantiles"":[0.0,0.25,0.5,0.75,1.0],""schedulerDelay"":[3.0,7.0,8.0,9.0,26.0],""executorRunTime"":[920.0,3201.0,3419.0,3714.0,6286.0],""executorDeserializeTime"":[1.0,1.0,1.0,1.0,5.0],""resultSerializationTime"":[0.0,4.0,5.0,5.0,6.0],""inputMetrics_recordsRead"":[1854.0,27728.0,30312.0,32664.0,39288.0]}}"
6992,38,1784569790706,1784569809671,spark_execution,stage,Stage 29,"save at FormatSparkWriter.scala:28 - attempt=0, id=29, jobId=22, numTasks=184, partitions=184, shuffleOutput=RangePartitioning(account_id, ts, CAST((_nondeterministic * 1500.0D) AS INT)), status=succeeded, tfId=7","{""id"":29,""tfId"":7,""jobId"":22,""status"":""succeeded"",""attempt"":0,""metrics"":{""internal.metrics.jvmGCTime"":1202,""internal.metrics.resultSize"":936174,""internal.metrics.executorCpuTime"":203148365900,""internal.metrics.executorRunTime"":694122,""internal.metrics.input.recordsRead"":5348043,""internal.metrics.peakExecutionMemory"":39105420208,""internal.metrics.executorDeserializeTime"":533,""internal.metrics.shuffle.write.writeTime"":6971807764,""internal.metrics.executorDeserializeCpuTime"":505680600,""internal.metrics.shuffle.write.bytesWritten"":17882754865,""internal.metrics.shuffle.write.recordsWritten"":5348043},""numTasks"":184,""partitions"":184,""shuffleOutput"":""RangePartitioning(account_id, ts, CAST((_nondeterministic * 1500.0D) AS INT))"",""taskMetricsDistributions"":{""duration"":[529.0,3580.0,3769.0,4073.0,5627.0],""jvmGcTime"":[0.0,0.0,9.0,11.0,12.0],""quantiles"":[0.0,0.25,0.5,0.75,1.0],""schedulerDelay"":[2.0,3.0,4.0,4.0,8.0],""executorRunTime"":[524.0,3575.0,3764.0,4067.0,5622.0],""peakExecutionMemory"":[67141616.0,201850832.0,201850832.0,268959680.0,269483968.0],""executorDeserializeTime"":[2.0,2.0,2.0,2.0,8.0],""inputMetrics_recordsRead"":[1854.0,27728.0,30312.0,32664.0,39288.0],""shuffleWriteMetrics_writeBytes"":[7407442.0,92678942.0,100987277.0,108655474.0,129673963.0],""shuffleWriteMetrics_writeRecords"":[1854.0,27728.0,30312.0,32664.0,39288.0]}}"
6992,39,1784569810015,1784569836030,spark_execution,stage,Stage 31,"save at FormatSparkWriter.scala:28 - attempt=0, id=31, jobId=23, numTasks=271, parentStages=(30), partitions=271, shuffleInputs=(RangePartitioning(account_id, ts, CAST((_nondeterministic * 1500.0D) AS INT))), status=succeeded, tfId=7","{""id"":31,""tfId"":7,""jobId"":23,""status"":""succeeded"",""attempt"":0,""metrics"":{""internal.metrics.jvmGCTime"":440,""internal.metrics.resultSize"":2384679,""internal.metrics.executorCpuTime"":207981993600,""internal.metrics.executorRunTime"":768442,""internal.metrics.output.bytesWritten"":5614733328,""internal.metrics.peakExecutionMemory"":40943999488,""internal.metrics.output.recordsWritten"":5348043,""internal.metrics.executorDeserializeTime"":1366,""internal.metrics.shuffle.read.recordsRead"":5348043,""internal.metrics.executorDeserializeCpuTime"":1371814600,""internal.metrics.shuffle.read.fetchWaitTime"":12,""internal.metrics.shuffle.read.localBytesRead"":897455192,""internal.metrics.shuffle.read.remoteBytesRead"":16985299673,""internal.metrics.shuffle.read.localBlocksFetched"":2496,""internal.metrics.shuffle.read.remoteReqsDuration"":48985,""internal.metrics.shuffle.read.remoteBlocksFetched"":47366},""numTasks"":271,""partitions"":271,""parentStages"":""(30)"",""shuffleInputs"":""(RangePartitioning(account_id, ts, CAST((_nondeterministic * 1500.0D) AS INT)))"",""taskMetricsDistributions"":{""duration"":[803.0,1149.0,2223.0,3822.0,13131.0],""jvmGcTime"":[0.0,0.0,0.0,0.0,17.0],""quantiles"":[0.0,0.25,0.5,0.75,1.0],""schedulerDelay"":[2.0,3.0,3.0,4.0,6.0],""executorRunTime"":[796.0,1141.0,2215.0,3815.0,13123.0],""peakExecutionMemory"":[67370992.0,134741984.0,134741984.0,134741984.0,268959680.0],""executorDeserializeTime"":[4.0,4.0,4.0,5.0,12.0],""outputMetrics_bytesWritten"":[1478918.0,10553245.0,16949510.0,28622009.0,65775658.0],""outputMetrics_recordsWritten"":[5512.0,19691.0,19785.0,19889.0,20165.0],""shuffleReadMetrics_readBytes"":[25608397.0,48919936.0,61317065.0,79309131.0,136403416.0],""shuffleReadMetrics_readRecords"":[5512.0,19691.0,19785.0,19889.0,20165.0]}}"
6992,41,1784569841648,1784569845912,spark_execution,stage,Stage 32,"save at FormatSparkWriter.scala:28 - attempt=0, id=32, jobId=24, numTasks=10, partitions=10, status=succeeded, tfId=8","{""id"":32,""tfId"":8,""jobId"":24,""status"":""succeeded"",""attempt"":0,""metrics"":{""internal.metrics.jvmGCTime"":65,""internal.metrics.resultSize"":17881972,""internal.metrics.executorCpuTime"":8660966300,""internal.metrics.executorRunTime"":34927,""internal.metrics.input.recordsRead"":291010,""internal.metrics.executorDeserializeTime"":44,""internal.metrics.resultSerializationTime"":103,""internal.metrics.executorDeserializeCpuTime"":31133800},""numTasks"":10,""partitions"":10,""taskMetricsDistributions"":{""duration"":[2489.0,3252.0,3772.0,3878.0,4261.0],""jvmGcTime"":[0.0,0.0,0.0,21.0,23.0],""quantiles"":[0.0,0.25,0.5,0.75,1.0],""schedulerDelay"":[5.0,7.0,8.0,9.0,10.0],""executorRunTime"":[2464.0,3215.0,3742.0,3837.0,4210.0],""gettingResultTime"":[7.0,12.0,17.0,18.0,25.0],""executorDeserializeTime"":[3.0,3.0,5.0,5.0,6.0],""resultSerializationTime"":[5.0,7.0,9.0,13.0,20.0],""inputMetrics_recordsRead"":[17378.0,27431.0,30686.0,32706.0,34584.0]}}"
6992,43,1784569846403,1784569850856,spark_execution,stage,Stage 33,"save at FormatSparkWriter.scala:28 - attempt=0, id=33, jobId=25, numTasks=10, partitions=10, shuffleOutput=RangePartitioning(account_id, ts, CAST((_nondeterministic * 1500.0D) AS INT)), status=succeeded, tfId=8","{""id"":33,""tfId"":8,""jobId"":25,""status"":""succeeded"",""attempt"":0,""metrics"":{""internal.metrics.jvmGCTime"":81,""internal.metrics.resultSize"":48255,""internal.metrics.executorCpuTime"":12562487900,""internal.metrics.executorRunTime"":37760,""internal.metrics.input.recordsRead"":291010,""internal.metrics.peakExecutionMemory"":2153774592,""internal.metrics.executorDeserializeTime"":81,""internal.metrics.shuffle.write.writeTime"":426933898,""internal.metrics.executorDeserializeCpuTime"":54587700,""internal.metrics.shuffle.write.bytesWritten"":977034376,""internal.metrics.shuffle.write.recordsWritten"":291010},""numTasks"":10,""partitions"":10,""shuffleOutput"":""RangePartitioning(account_id, ts, CAST((_nondeterministic * 1500.0D) AS INT))"",""taskMetricsDistributions"":{""duration"":[2796.0,3413.0,3836.0,4243.0,4447.0],""jvmGcTime"":[0.0,0.0,0.0,18.0,23.0],""quantiles"":[0.0,0.25,0.5,0.75,1.0],""schedulerDelay"":[4.0,4.0,5.0,5.0,6.0],""executorRunTime"":[2784.0,3403.0,3822.0,4234.0,4426.0],""peakExecutionMemory"":[134741984.0,201850832.0,201850832.0,268959680.0,269483968.0],""executorDeserializeTime"":[5.0,5.0,8.0,10.0,16.0],""inputMetrics_recordsRead"":[17378.0,27431.0,30686.0,32706.0,34584.0],""shuffleWriteMetrics_writeBytes"":[61108661.0,91337638.0,102594809.0,108581629.0,115832631.0],""shuffleWriteMetrics_writeRecords"":[17378.0,27431.0,30686.0,32706.0,34584.0]}}"
6992,44,1784569851032,1784569876914,spark_execution,stage,Stage 35,"save at FormatSparkWriter.scala:28 - attempt=0, id=35, jobId=26, numTasks=41, parentStages=(34), partitions=41, shuffleInputs=(RangePartitioning(account_id, ts, CAST((_nondeterministic * 1500.0D) AS INT))), status=succeeded, tfId=8","{""id"":35,""tfId"":8,""jobId"":26,""status"":""succeeded"",""attempt"":0,""metrics"":{""internal.metrics.jvmGCTime"":141,""internal.metrics.resultSize"":544421,""internal.metrics.executorCpuTime"":41389865000,""internal.metrics.executorRunTime"":321865,""internal.metrics.output.bytesWritten"":479311386,""internal.metrics.peakExecutionMemory"":2762014064,""internal.metrics.output.recordsWritten"":291010,""internal.metrics.executorDeserializeTime"":508,""internal.metrics.shuffle.read.recordsRead"":291010,""internal.metrics.executorDeserializeCpuTime"":315447300,""internal.metrics.shuffle.read.fetchWaitTime"":43,""internal.metrics.shuffle.read.localBytesRead"":48257229,""internal.metrics.shuffle.read.remoteBytesRead"":928777147,""internal.metrics.shuffle.read.localBlocksFetched"":21,""internal.metrics.shuffle.read.remoteReqsDuration"":5797,""internal.metrics.shuffle.read.remoteBlocksFetched"":389},""numTasks"":41,""partitions"":41,""parentStages"":""(34)"",""shuffleInputs"":""(RangePartitioning(account_id, ts, CAST((_nondeterministic * 1500.0D) AS INT)))"",""taskMetricsDistributions"":{""duration"":[711.0,3950.0,6961.0,10088.0,25869.0],""jvmGcTime"":[0.0,0.0,0.0,0.0,33.0],""quantiles"":[0.0,0.25,0.5,0.75,1.0],""schedulerDelay"":[4.0,5.0,5.0,6.0,11.0],""executorRunTime"":[703.0,3932.0,6948.0,10068.0,25853.0],""peakExecutionMemory"":[67174384.0,67370992.0,67370992.0,67370992.0,67370992.0],""executorDeserializeTime"":[4.0,10.0,11.0,13.0,32.0],""outputMetrics_bytesWritten"":[2532262.0,9017625.0,11075155.0,15081304.0,23206797.0],""outputMetrics_recordsWritten"":[611.0,7243.0,7247.0,7275.0,7340.0],""shuffleReadMetrics_readBytes"":[5116719.0,20711565.0,23240422.0,26223417.0,38172857.0],""shuffleReadMetrics_readRecords"":[611.0,7243.0,7247.0,7275.0,7340.0]}}"
6992,45,1784569880524,1784569895159,spark_execution,stage,Stage 36,"save at FormatSparkWriter.scala:28 - attempt=0, id=36, jobId=27, numTasks=135, partitions=135, status=succeeded, tfId=9","{""id"":36,""tfId"":9,""jobId"":27,""status"":""succeeded"",""attempt"":0,""metrics"":{""internal.metrics.jvmGCTime"":1443,""internal.metrics.resultSize"":178675397,""internal.metrics.executorCpuTime"":123364358600,""internal.metrics.executorRunTime"":489468,""internal.metrics.input.recordsRead"":4018097,""internal.metrics.executorDeserializeTime"":333,""internal.metrics.resultSerializationTime"":962,""internal.metrics.executorDeserializeCpuTime"":257692000},""numTasks"":135,""partitions"":135,""taskMetricsDistributions"":{""duration"":[662.0,3388.0,3646.0,3975.0,5783.0],""jvmGcTime"":[0.0,0.0,8.0,16.0,52.0],""quantiles"":[0.0,0.25,0.5,0.75,1.0],""schedulerDelay"":[3.0,5.0,6.0,7.0,17.0],""executorRunTime"":[656.0,3370.0,3625.0,3939.0,5755.0],""gettingResultTime"":[0.0,6.0,7.0,8.0,25.0],""executorDeserializeTime"":[1.0,1.0,1.0,4.0,11.0],""resultSerializationTime"":[0.0,6.0,7.0,9.0,14.0],""inputMetrics_recordsRead"":[2219.0,28452.0,30948.0,33261.0,42418.0]}}"
6992,47,1784569902050,1784569918394,spark_execution,stage,Stage 37,"save at FormatSparkWriter.scala:28 - attempt=0, id=37, jobId=28, numTasks=135, partitions=135, shuffleOutput=RangePartitioning(account_id, ts, CAST((_nondeterministic * 1500.0D) AS INT)), status=succeeded, tfId=9","{""id"":37,""tfId"":9,""jobId"":28,""status"":""succeeded"",""attempt"":0,""metrics"":{""internal.metrics.jvmGCTime"":1149,""internal.metrics.resultSize"":674721,""internal.metrics.executorCpuTime"":174701952600,""internal.metrics.executorRunTime"":547563,""internal.metrics.input.recordsRead"":4018097,""internal.metrics.peakExecutionMemory"":29485622432,""internal.metrics.executorDeserializeTime"":535,""internal.metrics.shuffle.write.writeTime"":6096575941,""internal.metrics.executorDeserializeCpuTime"":457702100,""internal.metrics.shuffle.write.bytesWritten"":13422872723,""internal.metrics.shuffle.write.recordsWritten"":4018097},""numTasks"":135,""partitions"":135,""shuffleOutput"":""RangePartitioning(account_id, ts, CAST((_nondeterministic * 1500.0D) AS INT))"",""taskMetricsDistributions"":{""duration"":[439.0,3724.0,4094.0,4452.0,6744.0],""jvmGcTime"":[0.0,0.0,10.0,14.0,21.0],""quantiles"":[0.0,0.25,0.5,0.75,1.0],""schedulerDelay"":[2.0,3.0,4.0,5.0,12.0],""executorRunTime"":[433.0,3719.0,4082.0,4437.0,6730.0],""peakExecutionMemory"":[67174384.0,201850832.0,201850832.0,269483968.0,269483968.0],""executorDeserializeTime"":[2.0,2.0,3.0,6.0,10.0],""inputMetrics_recordsRead"":[2219.0,28452.0,30948.0,33261.0,42418.0],""shuffleWriteMetrics_writeBytes"":[8480933.0,94482729.0,103082369.0,110711507.0,139354357.0],""shuffleWriteMetrics_writeRecords"":[2219.0,28452.0,30948.0,33261.0,42418.0]}}"
6992,48,1784569918649,1784569948009,spark_execution,stage,Stage 39,"save at FormatSparkWriter.scala:28 - attempt=0, id=39, jobId=29, numTasks=203, parentStages=(38), partitions=203, shuffleInputs=(RangePartitioning(account_id, ts, CAST((_nondeterministic * 1500.0D) AS INT))), status=succeeded, tfId=9","{""id"":39,""tfId"":9,""jobId"":29,""status"":""succeeded"",""attempt"":0,""metrics"":{""internal.metrics.jvmGCTime"":674,""internal.metrics.resultSize"":1859644,""internal.metrics.executorCpuTime"":231652375700,""internal.metrics.executorRunTime"":753049,""internal.metrics.output.bytesWritten"":4279392141,""internal.metrics.peakExecutionMemory"":30640563088,""internal.metrics.output.recordsWritten"":4018097,""internal.metrics.executorDeserializeTime"":1423,""internal.metrics.shuffle.read.recordsRead"":4018097,""internal.metrics.executorDeserializeCpuTime"":1364528700,""internal.metrics.shuffle.read.fetchWaitTime"":379,""internal.metrics.shuffle.read.localBytesRead"":671238559,""internal.metrics.shuffle.read.remoteBytesRead"":12751634164,""internal.metrics.shuffle.read.localBlocksFetched"":1376,""internal.metrics.shuffle.read.remoteReqsDuration"":51890,""internal.metrics.shuffle.read.remoteBlocksFetched"":26029},""numTasks"":203,""partitions"":203,""parentStages"":""(38)"",""shuffleInputs"":""(RangePartitioning(account_id, ts, CAST((_nondeterministic * 1500.0D) AS INT)))"",""taskMetricsDistributions"":{""duration"":[921.0,1520.0,2935.0,4967.0,16987.0],""jvmGcTime"":[0.0,0.0,0.0,0.0,38.0],""quantiles"":[0.0,0.25,0.5,0.75,1.0],""schedulerDelay"":[2.0,3.0,4.0,5.0,7.0],""executorRunTime"":[912.0,1506.0,2925.0,4949.0,16973.0],""peakExecutionMemory"":[67239920.0,134741984.0,134741984.0,201850832.0,268959680.0],""executorDeserializeTime"":[4.0,5.0,6.0,9.0,22.0],""outputMetrics_bytesWritten"":[2675268.0,11356235.0,18420581.0,27853648.0,62601224.0],""outputMetrics_recordsWritten"":[3577.0,19676.0,19832.0,20074.0,20285.0],""shuffleReadMetrics_readBytes"":[25374272.0,49298823.0,62035208.0,76217993.0,135975374.0],""shuffleReadMetrics_readRecords"":[3577.0,19676.0,19832.0,20074.0,20285.0]}}"
6992,50,1784569952844,1784569958990,spark_execution,stage,Stage 40,"save at FormatSparkWriter.scala:28 - attempt=0, id=40, jobId=30, numTasks=7, partitions=7, status=succeeded, tfId=10","{""id"":40,""tfId"":10,""jobId"":30,""status"":""succeeded"",""attempt"":0,""metrics"":{""internal.metrics.jvmGCTime"":89,""internal.metrics.resultSize"":10832592,""internal.metrics.executorCpuTime"":6048062500,""internal.metrics.executorRunTime"":24710,""internal.metrics.input.recordsRead"":176042,""internal.metrics.executorDeserializeTime"":36,""internal.metrics.resultSerializationTime"":69,""internal.metrics.executorDeserializeCpuTime"":25088800},""numTasks"":7,""partitions"":7,""taskMetricsDistributions"":{""duration"":[148.0,3077.0,3605.0,4669.0,6144.0],""jvmGcTime"":[0.0,0.0,0.0,28.0,35.0],""quantiles"":[0.0,0.25,0.5,0.75,1.0],""schedulerDelay"":[4.0,5.0,5.0,6.0,7.0],""executorRunTime"":[140.0,3050.0,3569.0,4638.0,6115.0],""gettingResultTime"":[0.0,7.0,9.0,10.0,12.0],""executorDeserializeTime"":[4.0,4.0,5.0,6.0,7.0],""resultSerializationTime"":[0.0,4.0,12.0,13.0,19.0],""inputMetrics_recordsRead"":[967.0,17776.0,29584.0,33756.0,36015.0]}}"
6992,52,1784569959190,1784569964324,spark_execution,stage,Stage 41,"save at FormatSparkWriter.scala:28 - attempt=0, id=41, jobId=31, numTasks=7, partitions=7, shuffleOutput=RangePartitioning(account_id, ts, CAST((_nondeterministic * 1500.0D) AS INT)), status=succeeded, tfId=10","{""id"":41,""tfId"":10,""jobId"":31,""status"":""succeeded"",""attempt"":0,""metrics"":{""internal.metrics.jvmGCTime"":28,""internal.metrics.resultSize"":35551,""internal.metrics.executorCpuTime"":9451842300,""internal.metrics.executorRunTime"":26314,""internal.metrics.input.recordsRead"":176042,""internal.metrics.peakExecutionMemory"":1346404032,""internal.metrics.executorDeserializeTime"":60,""internal.metrics.shuffle.write.writeTime"":282047148,""internal.metrics.executorDeserializeCpuTime"":45608400,""internal.metrics.shuffle.write.bytesWritten"":587206997,""internal.metrics.shuffle.write.recordsWritten"":176042},""numTasks"":7,""partitions"":7,""shuffleOutput"":""RangePartitioning(account_id, ts, CAST((_nondeterministic * 1500.0D) AS INT))"",""taskMetricsDistributions"":{""duration"":[348.0,3501.0,4337.0,4439.0,5126.0],""jvmGcTime"":[0.0,0.0,0.0,0.0,28.0],""quantiles"":[0.0,0.25,0.5,0.75,1.0],""schedulerDelay"":[3.0,3.0,5.0,6.0,6.0],""executorRunTime"":[334.0,3486.0,4327.0,4430.0,5106.0],""peakExecutionMemory"":[67141616.0,134741984.0,201850832.0,269483968.0,269483968.0],""executorDeserializeTime"":[5.0,6.0,9.0,10.0,14.0],""inputMetrics_recordsRead"":[967.0,17776.0,29584.0,33756.0,36015.0],""shuffleWriteMetrics_writeBytes"":[3853445.0,61811787.0,98214230.0,110215063.0,120090611.0],""shuffleWriteMetrics_writeRecords"":[967.0,17776.0,29584.0,33756.0,36015.0]}}"
6992,53,1784569964428,1784569987947,spark_execution,stage,Stage 43,"save at FormatSparkWriter.scala:28 - attempt=0, id=43, jobId=32, numTasks=41, parentStages=(42), partitions=41, shuffleInputs=(RangePartitioning(account_id, ts, CAST((_nondeterministic * 1500.0D) AS INT))), status=succeeded, tfId=10","{""id"":43,""tfId"":10,""jobId"":32,""status"":""succeeded"",""attempt"":0,""metrics"":{""internal.metrics.jvmGCTime"":206,""internal.metrics.resultSize"":521223,""internal.metrics.executorCpuTime"":40561005600,""internal.metrics.executorRunTime"":290628,""internal.metrics.output.bytesWritten"":341252679,""internal.metrics.peakExecutionMemory"":2756771184,""internal.metrics.output.recordsWritten"":176042,""internal.metrics.executorDeserializeTime"":481,""internal.metrics.resultSerializationTime"":1,""internal.metrics.shuffle.read.recordsRead"":176042,""internal.metrics.executorDeserializeCpuTime"":347896600,""internal.metrics.shuffle.read.fetchWaitTime"":186,""internal.metrics.shuffle.read.localBytesRead"":29252654,""internal.metrics.shuffle.read.remoteBytesRead"":557954343,""internal.metrics.shuffle.read.localBlocksFetched"":14,""internal.metrics.shuffle.read.remoteReqsDuration"":3116,""internal.metrics.shuffle.read.remoteBlocksFetched"":273},""numTasks"":41,""partitions"":41,""parentStages"":""(42)"",""shuffleInputs"":""(RangePartitioning(account_id, ts, CAST((_nondeterministic * 1500.0D) AS INT)))"",""taskMetricsDistributions"":{""duration"":[596.0,3973.0,5476.0,9535.0,23505.0],""jvmGcTime"":[0.0,0.0,0.0,0.0,43.0],""quantiles"":[0.0,0.25,0.5,0.75,1.0],""schedulerDelay"":[4.0,5.0,5.0,6.0,12.0],""executorRunTime"":[580.0,3959.0,5461.0,9517.0,23487.0],""peakExecutionMemory"":[67174384.0,67239920.0,67239920.0,67239920.0,67239920.0],""executorDeserializeTime"":[5.0,11.0,12.0,13.0,17.0],""resultSerializationTime"":[0.0,0.0,0.0,0.0,1.0],""outputMetrics_bytesWritten"":[1513481.0,4817469.0,8086952.0,10633260.0,17798613.0],""outputMetrics_recordsWritten"":[369.0,4366.0,4384.0,4415.0,4491.0],""shuffleReadMetrics_readBytes"":[3127290.0,12109716.0,13679642.0,16150144.0,22866284.0],""shuffleReadMetrics_readRecords"":[369.0,4366.0,4384.0,4415.0,4491.0]}}"
6992,54,1784569991287,1784570007059,spark_execution,stage,Stage 44,"save at FormatSparkWriter.scala:28 - attempt=0, id=44, jobId=33, numTasks=137, partitions=137, status=succeeded, tfId=11","{""id"":44,""tfId"":11,""jobId"":33,""status"":""succeeded"",""attempt"":0,""metrics"":{""internal.metrics.jvmGCTime"":1503,""internal.metrics.resultSize"":178134748,""internal.metrics.executorCpuTime"":129148280400,""internal.metrics.executorRunTime"":497757,""internal.metrics.input.recordsRead"":3826657,""internal.metrics.executorDeserializeTime"":329,""internal.metrics.resultSerializationTime"":1008,""internal.metrics.executorDeserializeCpuTime"":262316000},""numTasks"":137,""partitions"":137,""taskMetricsDistributions"":{""duration"":[659.0,3368.0,3629.0,3934.0,5984.0],""jvmGcTime"":[0.0,0.0,0.0,18.0,70.0],""quantiles"":[0.0,0.25,0.5,0.75,1.0],""schedulerDelay"":[3.0,5.0,5.0,7.0,15.0],""executorRunTime"":[652.0,3346.0,3602.0,3910.0,5965.0],""gettingResultTime"":[0.0,6.0,6.0,7.0,16.0],""executorDeserializeTime"":[1.0,1.0,1.0,4.0,11.0],""resultSerializationTime"":[0.0,6.0,7.0,9.0,13.0],""inputMetrics_recordsRead"":[2356.0,25294.0,28906.0,32046.0,40248.0]}}"
6992,56,1784570013973,1784570028505,spark_execution,stage,Stage 45,"save at FormatSparkWriter.scala:28 - attempt=0, id=45, jobId=34, numTasks=137, partitions=137, shuffleOutput=RangePartitioning(account_id, ts, CAST((_nondeterministic * 1500.0D) AS INT)), status=succeeded, tfId=11","{""id"":45,""tfId"":11,""jobId"":34,""status"":""succeeded"",""attempt"":0,""metrics"":{""internal.metrics.jvmGCTime"":892,""internal.metrics.resultSize"":717226,""internal.metrics.executorCpuTime"":151051270000,""internal.metrics.executorRunTime"":507549,""internal.metrics.input.recordsRead"":3826657,""internal.metrics.peakExecutionMemory"":28470601104,""internal.metrics.executorDeserializeTime"":445,""internal.metrics.shuffle.write.writeTime"":5316203081,""internal.metrics.executorDeserializeCpuTime"":405963600,""internal.metrics.shuffle.write.bytesWritten"":12789762286,""internal.metrics.shuffle.write.recordsWritten"":3826657},""numTasks"":137,""partitions"":137,""shuffleOutput"":""RangePartitioning(account_id, ts, CAST((_nondeterministic * 1500.0D) AS INT))"",""taskMetricsDistributions"":{""duration"":[761.0,3405.0,3758.0,4112.0,5674.0],""jvmGcTime"":[0.0,0.0,9.0,11.0,20.0],""quantiles"":[0.0,0.25,0.5,0.75,1.0],""schedulerDelay"":[2.0,3.0,4.0,5.0,7.0],""executorRunTime"":[756.0,3399.0,3748.0,4106.0,5665.0],""peakExecutionMemory"":[67174384.0,201850832.0,201850832.0,201850832.0,269483968.0],""executorDeserializeTime"":[2.0,2.0,2.0,5.0,8.0],""inputMetrics_recordsRead"":[2356.0,25294.0,28906.0,32046.0,40248.0],""shuffleWriteMetrics_writeBytes"":[8963641.0,85210914.0,96158298.0,106025623.0,132748336.0],""shuffleWriteMetrics_writeRecords"":[2356.0,25294.0,28906.0,32046.0,40248.0]}}"
6992,57,1784570028698,1784570053435,spark_execution,stage,Stage 47,"save at FormatSparkWriter.scala:28 - attempt=0, id=47, jobId=35, numTasks=193, parentStages=(46), partitions=193, shuffleInputs=(RangePartitioning(account_id, ts, CAST((_nondeterministic * 1500.0D) AS INT))), status=succeeded, tfId=11","{""id"":47,""tfId"":11,""jobId"":35,""status"":""succeeded"",""attempt"":0,""metrics"":{""internal.metrics.jvmGCTime"":354,""internal.metrics.resultSize"":1809427,""internal.metrics.executorCpuTime"":158151287700,""internal.metrics.executorRunTime"":690335,""internal.metrics.output.bytesWritten"":4074668864,""internal.metrics.peakExecutionMemory"":29091816704,""internal.metrics.output.recordsWritten"":3826657,""internal.metrics.executorDeserializeTime"":1001,""internal.metrics.shuffle.read.recordsRead"":3826657,""internal.metrics.executorDeserializeCpuTime"":972588900,""internal.metrics.shuffle.read.fetchWaitTime"":82,""internal.metrics.shuffle.read.localBytesRead"":640141996,""internal.metrics.shuffle.read.remoteBytesRead"":12149620290,""internal.metrics.shuffle.read.localBlocksFetched"":1318,""internal.metrics.shuffle.read.remoteReqsDuration"":35985,""internal.metrics.shuffle.read.remoteBlocksFetched"":25123},""numTasks"":193,""partitions"":193,""parentStages"":""(46)"",""shuffleInputs"":""(RangePartitioning(account_id, ts, CAST((_nondeterministic * 1500.0D) AS INT)))"",""taskMetricsDistributions"":{""duration"":[731.0,1235.0,2918.0,4767.0,14273.0],""jvmGcTime"":[0.0,0.0,0.0,0.0,22.0],""quantiles"":[0.0,0.25,0.5,0.75,1.0],""schedulerDelay"":[2.0,3.0,3.0,4.0,6.0],""executorRunTime"":[724.0,1222.0,2910.0,4760.0,14266.0],""peakExecutionMemory"":[67239920.0,134741984.0,134741984.0,201850832.0,201850832.0],""executorDeserializeTime"":[4.0,4.0,4.0,6.0,13.0],""outputMetrics_bytesWritten"":[2761742.0,11362018.0,18288521.0,29346808.0,61799864.0],""outputMetrics_recordsWritten"":[4959.0,19839.0,19904.0,19955.0,20388.0],""shuffleReadMetrics_readBytes"":[26298248.0,49732550.0,62303589.0,76508089.0,134629562.0],""shuffleReadMetrics_readRecords"":[4959.0,19839.0,19904.0,19955.0,20388.0]}}"
6992,59,1784570058084,1784570062135,spark_execution,stage,Stage 48,"save at FormatSparkWriter.scala:28 - attempt=0, id=48, jobId=36, numTasks=9, partitions=9, status=succeeded, tfId=12","{""id"":48,""tfId"":12,""jobId"":36,""status"":""succeeded"",""attempt"":0,""metrics"":{""internal.metrics.jvmGCTime"":55,""internal.metrics.resultSize"":14309247,""internal.metrics.executorCpuTime"":6811352300,""internal.metrics.executorRunTime"":27914,""internal.metrics.input.recordsRead"":232559,""internal.metrics.executorDeserializeTime"":39,""internal.metrics.resultSerializationTime"":70,""internal.metrics.executorDeserializeCpuTime"":25827100},""numTasks"":9,""partitions"":9,""taskMetricsDistributions"":{""duration"":[746.0,2920.0,3372.0,3660.0,4048.0],""jvmGcTime"":[0.0,0.0,0.0,18.0,19.0],""quantiles"":[0.0,0.25,0.5,0.75,1.0],""schedulerDelay"":[3.0,5.0,5.0,6.0,8.0],""executorRunTime"":[730.0,2894.0,3344.0,3629.0,4020.0],""gettingResultTime"":[0.0,7.0,9.0,10.0,13.0],""executorDeserializeTime"":[3.0,4.0,4.0,5.0,6.0],""resultSerializationTime"":[2.0,7.0,8.0,10.0,11.0],""inputMetrics_recordsRead"":[6008.0,25554.0,28794.0,31135.0,33995.0]}}"
6992,61,1784570062402,1784570067439,spark_execution,stage,Stage 49,"save at FormatSparkWriter.scala:28 - attempt=0, id=49, jobId=37, numTasks=9, partitions=9, shuffleOutput=RangePartitioning(account_id, ts, CAST((_nondeterministic * 1500.0D) AS INT)), status=succeeded, tfId=12","{""id"":49,""tfId"":12,""jobId"":37,""status"":""succeeded"",""attempt"":0,""metrics"":{""internal.metrics.jvmGCTime"":63,""internal.metrics.resultSize"":51125,""internal.metrics.executorCpuTime"":9119778200,""internal.metrics.executorRunTime"":29773,""internal.metrics.input.recordsRead"":232559,""internal.metrics.peakExecutionMemory"":1682570864,""internal.metrics.executorDeserializeTime"":52,""internal.metrics.shuffle.write.writeTime"":302460048,""internal.metrics.executorDeserializeCpuTime"":35243500,""internal.metrics.shuffle.write.bytesWritten"":781392163,""internal.metrics.shuffle.write.recordsWritten"":232559},""numTasks"":9,""partitions"":9,""shuffleOutput"":""RangePartitioning(account_id, ts, CAST((_nondeterministic * 1500.0D) AS INT))"",""taskMetricsDistributions"":{""duration"":[938.0,3246.0,3328.0,3568.0,5032.0],""jvmGcTime"":[0.0,0.0,0.0,20.0,22.0],""quantiles"":[0.0,0.25,0.5,0.75,1.0],""schedulerDelay"":[3.0,3.0,3.0,3.0,4.0],""executorRunTime"":[930.0,3237.0,3319.0,3556.0,5024.0],""peakExecutionMemory"":[67239920.0,201850832.0,201850832.0,201850832.0,269483968.0],""executorDeserializeTime"":[5.0,5.0,6.0,6.0,8.0],""inputMetrics_recordsRead"":[6008.0,25554.0,28794.0,31135.0,33995.0],""shuffleWriteMetrics_writeBytes"":[23519404.0,85912750.0,96168866.0,103013326.0,113466097.0],""shuffleWriteMetrics_writeRecords"":[6008.0,25554.0,28794.0,31135.0,33995.0]}}"
6992,62,1784570067597,1784570090348,spark_execution,stage,Stage 51,"save at FormatSparkWriter.scala:28 - attempt=0, id=51, jobId=38, numTasks=41, parentStages=(50), partitions=41, shuffleInputs=(RangePartitioning(account_id, ts, CAST((_nondeterministic * 1500.0D) AS INT))), status=succeeded, tfId=12","{""id"":51,""tfId"":12,""jobId"":38,""status"":""succeeded"",""attempt"":0,""metrics"":{""internal.metrics.jvmGCTime"":183,""internal.metrics.resultSize"":531084,""internal.metrics.executorCpuTime"":25550612700,""internal.metrics.executorRunTime"":290252,""internal.metrics.output.bytesWritten"":407303962,""internal.metrics.peakExecutionMemory"":2762014064,""internal.metrics.output.recordsWritten"":232559,""internal.metrics.executorDeserializeTime"":358,""internal.metrics.shuffle.read.recordsRead"":232559,""internal.metrics.executorDeserializeCpuTime"":249772600,""internal.metrics.shuffle.read.fetchWaitTime"":19,""internal.metrics.shuffle.read.localBytesRead"":38402062,""internal.metrics.shuffle.read.remoteBytesRead"":742990101,""internal.metrics.shuffle.read.localBlocksFetched"":19,""internal.metrics.shuffle.read.remoteReqsDuration"":3819,""internal.metrics.shuffle.read.remoteBlocksFetched"":350},""numTasks"":41,""partitions"":41,""parentStages"":""(50)"",""shuffleInputs"":""(RangePartitioning(account_id, ts, CAST((_nondeterministic * 1500.0D) AS INT)))"",""taskMetricsDistributions"":{""duration"":[664.0,3333.0,5762.0,9054.0,22739.0],""jvmGcTime"":[0.0,0.0,0.0,0.0,43.0],""quantiles"":[0.0,0.25,0.5,0.75,1.0],""schedulerDelay"":[3.0,4.0,5.0,5.0,6.0],""executorRunTime"":[652.0,3320.0,5748.0,9037.0,22726.0],""peakExecutionMemory"":[67174384.0,67370992.0,67370992.0,67370992.0,67370992.0],""executorDeserializeTime"":[4.0,7.0,8.0,9.0,17.0],""outputMetrics_bytesWritten"":[1967000.0,6769812.0,9521447.0,13101338.0,21193215.0],""outputMetrics_recordsWritten"":[465.0,5769.0,5791.0,5814.0,6095.0],""shuffleReadMetrics_readBytes"":[3910373.0,16712737.0,18565326.0,20872840.0,30239481.0],""shuffleReadMetrics_readRecords"":[465.0,5769.0,5791.0,5814.0,6095.0]}}"
6992,63,1784570093821,1784570105340,spark_execution,stage,Stage 52,"save at FormatSparkWriter.scala:28 - attempt=0, id=52, jobId=39, numTasks=118, partitions=118, status=succeeded, tfId=13","{""id"":52,""tfId"":13,""jobId"":39,""status"":""succeeded"",""attempt"":0,""metrics"":{""internal.metrics.jvmGCTime"":1114,""internal.metrics.resultSize"":175735184,""internal.metrics.executorCpuTime"":97943450800,""internal.metrics.executorRunTime"":406488,""internal.metrics.input.recordsRead"":3381658,""internal.metrics.executorDeserializeTime"":249,""internal.metrics.resultSerializationTime"":885,""internal.metrics.executorDeserializeCpuTime"":201784500},""numTasks"":118,""partitions"":118,""taskMetricsDistributions"":{""duration"":[701.0,3155.0,3434.0,3755.0,6443.0],""jvmGcTime"":[0.0,0.0,0.0,15.0,80.0],""quantiles"":[0.0,0.25,0.5,0.75,1.0],""schedulerDelay"":[3.0,4.0,5.0,6.0,40.0],""executorRunTime"":[693.0,3134.0,3412.0,3727.0,6411.0],""gettingResultTime"":[0.0,6.0,7.0,8.0,108.0],""executorDeserializeTime"":[1.0,1.0,1.0,3.0,8.0],""resultSerializationTime"":[1.0,6.0,7.0,9.0,15.0],""inputMetrics_recordsRead"":[3228.0,26781.0,29859.0,32231.0,40385.0]}}"
6992,65,1784570112190,1784570124808,spark_execution,stage,Stage 53,"save at FormatSparkWriter.scala:28 - attempt=0, id=53, jobId=40, numTasks=118, partitions=118, shuffleOutput=RangePartitioning(account_id, ts, CAST((_nondeterministic * 1500.0D) AS INT)), status=succeeded, tfId=13","{""id"":53,""tfId"":13,""jobId"":40,""status"":""succeeded"",""attempt"":0,""metrics"":{""internal.metrics.jvmGCTime"":1000,""internal.metrics.resultSize"":610008,""internal.metrics.executorCpuTime"":148716525700,""internal.metrics.executorRunTime"":463678,""internal.metrics.input.recordsRead"":3381658,""internal.metrics.peakExecutionMemory"":24701495568,""internal.metrics.executorDeserializeTime"":492,""internal.metrics.shuffle.write.writeTime"":5236766358,""internal.metrics.executorDeserializeCpuTime"":412624700,""internal.metrics.shuffle.write.bytesWritten"":11289726096,""internal.metrics.shuffle.write.recordsWritten"":3381658},""numTasks"":118,""partitions"":118,""shuffleOutput"":""RangePartitioning(account_id, ts, CAST((_nondeterministic * 1500.0D) AS INT))"",""taskMetricsDistributions"":{""duration"":[929.0,3561.0,3899.0,4383.0,6264.0],""jvmGcTime"":[0.0,0.0,11.0,13.0,25.0],""quantiles"":[0.0,0.25,0.5,0.75,1.0],""schedulerDelay"":[2.0,3.0,4.0,5.0,9.0],""executorRunTime"":[923.0,3554.0,3894.0,4372.0,6251.0],""peakExecutionMemory"":[67174384.0,201850832.0,201850832.0,201850832.0,269483968.0],""executorDeserializeTime"":[2.0,2.0,3.0,6.0,10.0],""inputMetrics_recordsRead"":[3228.0,26781.0,29859.0,32231.0,40385.0],""shuffleWriteMetrics_writeBytes"":[12321158.0,89500745.0,99410149.0,107366530.0,132549749.0],""shuffleWriteMetrics_writeRecords"":[3228.0,26781.0,29859.0,32231.0,40385.0]}}"
6992,66,1784570124984,1784570152683,spark_execution,stage,Stage 55,"save at FormatSparkWriter.scala:28 - attempt=0, id=55, jobId=41, numTasks=170, parentStages=(54), partitions=170, shuffleInputs=(RangePartitioning(account_id, ts, CAST((_nondeterministic * 1500.0D) AS INT))), status=succeeded, tfId=13","{""id"":55,""tfId"":13,""jobId"":41,""status"":""succeeded"",""attempt"":0,""metrics"":{""internal.metrics.jvmGCTime"":420,""internal.metrics.resultSize"":1629026,""internal.metrics.executorCpuTime"":174998730600,""internal.metrics.executorRunTime"":708881,""internal.metrics.output.bytesWritten"":3638905352,""internal.metrics.peakExecutionMemory"":25925773296,""internal.metrics.output.recordsWritten"":3381658,""internal.metrics.executorDeserializeTime"":1115,""internal.metrics.shuffle.read.recordsRead"":3381658,""internal.metrics.executorDeserializeCpuTime"":1051872200,""internal.metrics.shuffle.read.fetchWaitTime"":1,""internal.metrics.shuffle.read.localBytesRead"":565005502,""internal.metrics.shuffle.read.remoteBytesRead"":10724720594,""internal.metrics.shuffle.read.localBlocksFetched"":1000,""internal.metrics.shuffle.read.remoteReqsDuration"":35967,""internal.metrics.shuffle.read.remoteBlocksFetched"":19060},""numTasks"":170,""partitions"":170,""parentStages"":""(54)"",""shuffleInputs"":""(RangePartitioning(account_id, ts, CAST((_nondeterministic * 1500.0D) AS INT)))"",""taskMetricsDistributions"":{""duration"":[926.0,1642.0,3237.0,5454.0,16620.0],""jvmGcTime"":[0.0,0.0,0.0,0.0,29.0],""quantiles"":[0.0,0.25,0.5,0.75,1.0],""schedulerDelay"":[2.0,3.0,4.0,4.0,9.0],""executorRunTime"":[919.0,1635.0,3225.0,5437.0,16610.0],""peakExecutionMemory"":[67633136.0,134741984.0,134741984.0,201850832.0,268959680.0],""executorDeserializeTime"":[4.0,4.0,6.0,8.0,17.0],""outputMetrics_bytesWritten"":[2673951.0,11969497.0,17542367.0,28450920.0,64400367.0],""outputMetrics_recordsWritten"":[8439.0,19908.0,19957.0,19994.0,21651.0],""shuffleReadMetrics_readBytes"":[25962268.0,50461699.0,61254068.0,79351425.0,138872718.0],""shuffleReadMetrics_readRecords"":[8439.0,19908.0,19957.0,19994.0,21651.0]}}"
6992,68,1784570157809,1784570163320,spark_execution,stage,Stage 56,"save at FormatSparkWriter.scala:28 - attempt=0, id=56, jobId=42, numTasks=8, partitions=8, status=succeeded, tfId=14","{""id"":56,""tfId"":14,""jobId"":42,""status"":""succeeded"",""attempt"":0,""metrics"":{""internal.metrics.resultSize"":14118215,""internal.metrics.executorCpuTime"":6235750400,""internal.metrics.executorRunTime"":29506,""internal.metrics.input.recordsRead"":228842,""internal.metrics.executorDeserializeTime"":31,""internal.metrics.resultSerializationTime"":69,""internal.metrics.executorDeserializeCpuTime"":20670000},""numTasks"":8,""partitions"":8,""taskMetricsDistributions"":{""duration"":[2620.0,3205.0,3727.0,4185.0,5508.0],""quantiles"":[0.0,0.25,0.5,0.75,1.0],""schedulerDelay"":[5.0,5.0,5.0,6.0,7.0],""executorRunTime"":[2599.0,3181.0,3702.0,4158.0,5483.0],""gettingResultTime"":[6.0,8.0,8.0,9.0,10.0],""executorDeserializeTime"":[3.0,3.0,4.0,4.0,6.0],""resultSerializationTime"":[6.0,8.0,9.0,9.0,12.0],""inputMetrics_recordsRead"":[17581.0,28021.0,30635.0,32372.0,33161.0]}}"
6992,70,1784570163601,1784570168051,spark_execution,stage,Stage 57,"save at FormatSparkWriter.scala:28 - attempt=0, id=57, jobId=43, numTasks=8, partitions=8, shuffleOutput=RangePartitioning(account_id, ts, CAST((_nondeterministic * 1500.0D) AS INT)), status=succeeded, tfId=14","{""id"":57,""tfId"":14,""jobId"":43,""status"":""succeeded"",""attempt"":0,""metrics"":{""internal.metrics.jvmGCTime"":56,""internal.metrics.resultSize"":40095,""internal.metrics.executorCpuTime"":8696166400,""internal.metrics.executorRunTime"":29109,""internal.metrics.input.recordsRead"":228842,""internal.metrics.peakExecutionMemory"":1682439792,""internal.metrics.executorDeserializeTime"":44,""internal.metrics.shuffle.write.writeTime"":296790494,""internal.metrics.executorDeserializeCpuTime"":29687400,""internal.metrics.shuffle.write.bytesWritten"":743117956,""internal.metrics.shuffle.write.recordsWritten"":228842},""numTasks"":8,""partitions"":8,""shuffleOutput"":""RangePartitioning(account_id, ts, CAST((_nondeterministic * 1500.0D) AS INT))"",""taskMetricsDistributions"":{""duration"":[2518.0,3554.0,3687.0,4042.0,4441.0],""jvmGcTime"":[0.0,0.0,0.0,19.0,21.0],""quantiles"":[0.0,0.25,0.5,0.75,1.0],""schedulerDelay"":[2.0,3.0,3.0,4.0,5.0],""executorRunTime"":[2507.0,3546.0,3678.0,4032.0,4433.0],""peakExecutionMemory"":[134741984.0,201850832.0,201850832.0,268959680.0,269483968.0],""executorDeserializeTime"":[5.0,5.0,6.0,6.0,6.0],""inputMetrics_recordsRead"":[17581.0,28021.0,30635.0,32372.0,33161.0],""shuffleWriteMetrics_writeBytes"":[57949734.0,89417285.0,99035067.0,108079459.0,108192268.0],""shuffleWriteMetrics_writeRecords"":[17581.0,28021.0,30635.0,32372.0,33161.0]}}"
6992,71,1784570168229,1784570193455,spark_execution,stage,Stage 59,"save at FormatSparkWriter.scala:28 - attempt=0, id=59, jobId=44, numTasks=41, parentStages=(58), partitions=41, shuffleInputs=(RangePartitioning(account_id, ts, CAST((_nondeterministic * 1500.0D) AS INT))), status=succeeded, tfId=14","{""id"":59,""tfId"":14,""jobId"":44,""status"":""succeeded"",""attempt"":0,""metrics"":{""internal.metrics.jvmGCTime"":175,""internal.metrics.resultSize"":533641,""internal.metrics.executorCpuTime"":26468190200,""internal.metrics.executorRunTime"":301755,""internal.metrics.output.bytesWritten"":393815540,""internal.metrics.peakExecutionMemory"":2762014064,""internal.metrics.output.recordsWritten"":228842,""internal.metrics.executorDeserializeTime"":357,""internal.metrics.shuffle.read.recordsRead"":228842,""internal.metrics.executorDeserializeCpuTime"":254249000,""internal.metrics.shuffle.read.fetchWaitTime"":22,""internal.metrics.shuffle.read.localBytesRead"":39769884,""internal.metrics.shuffle.read.remoteBytesRead"":703348072,""internal.metrics.shuffle.read.localBlocksFetched"":16,""internal.metrics.shuffle.read.remoteReqsDuration"":3398,""internal.metrics.shuffle.read.remoteBlocksFetched"":312},""numTasks"":41,""partitions"":41,""parentStages"":""(58)"",""shuffleInputs"":""(RangePartitioning(account_id, ts, CAST((_nondeterministic * 1500.0D) AS INT)))"",""taskMetricsDistributions"":{""duration"":[622.0,3246.0,5803.0,10643.0,25213.0],""jvmGcTime"":[0.0,0.0,0.0,0.0,37.0],""quantiles"":[0.0,0.25,0.5,0.75,1.0],""schedulerDelay"":[3.0,4.0,5.0,6.0,6.0],""executorRunTime"":[609.0,3231.0,5790.0,10627.0,25199.0],""peakExecutionMemory"":[67174384.0,67370992.0,67370992.0,67370992.0,67370992.0],""executorDeserializeTime"":[4.0,8.0,8.0,10.0,13.0],""outputMetrics_bytesWritten"":[599181.0,6628074.0,10311180.0,12739241.0,20659625.0],""outputMetrics_recordsWritten"":[366.0,5655.0,5676.0,5704.0,6452.0],""shuffleReadMetrics_readBytes"":[3074627.0,15599446.0,17996214.0,20315926.0,27265411.0],""shuffleReadMetrics_readRecords"":[366.0,5655.0,5676.0,5704.0,6452.0]}}"
6992,72,1784570197088,1784570210639,spark_execution,stage,Stage 60,"save at FormatSparkWriter.scala:28 - attempt=0, id=60, jobId=45, numTasks=140, partitions=140, status=succeeded, tfId=15","{""id"":60,""tfId"":15,""jobId"":45,""status"":""succeeded"",""attempt"":0,""metrics"":{""internal.metrics.jvmGCTime"":1300,""internal.metrics.resultSize"":179781731,""internal.metrics.executorCpuTime"":109366467000,""internal.metrics.executorRunTime"":469349,""internal.metrics.input.recordsRead"":3904920,""internal.metrics.executorDeserializeTime"":278,""internal.metrics.resultSerializationTime"":863,""internal.metrics.executorDeserializeCpuTime"":231536300},""numTasks"":140,""partitions"":140,""taskMetricsDistributions"":{""duration"":[867.0,3038.0,3330.0,3662.0,6052.0],""jvmGcTime"":[0.0,0.0,5.0,17.0,41.0],""quantiles"":[0.0,0.25,0.5,0.75,1.0],""schedulerDelay"":[3.0,4.0,5.0,6.0,10.0],""executorRunTime"":[862.0,3018.0,3312.0,3644.0,6026.0],""gettingResultTime"":[0.0,5.0,6.0,7.0,10.0],""executorDeserializeTime"":[0.0,1.0,1.0,3.0,6.0],""resultSerializationTime"":[1.0,5.0,6.0,8.0,11.0],""inputMetrics_recordsRead"":[2806.0,25760.0,28991.0,31379.0,38352.0]}}"
6992,74,1784570217547,1784570232711,spark_execution,stage,Stage 61,"save at FormatSparkWriter.scala:28 - attempt=0, id=61, jobId=46, numTasks=140, partitions=140, shuffleOutput=RangePartitioning(account_id, ts, CAST((_nondeterministic * 1500.0D) AS INT)), status=succeeded, tfId=15","{""id"":61,""tfId"":15,""jobId"":46,""status"":""succeeded"",""attempt"":0,""metrics"":{""internal.metrics.jvmGCTime"":829,""internal.metrics.resultSize"":743030,""internal.metrics.executorCpuTime"":144361266600,""internal.metrics.executorRunTime"":504258,""internal.metrics.input.recordsRead"":3904920,""internal.metrics.peakExecutionMemory"":28401919392,""internal.metrics.executorDeserializeTime"":437,""internal.metrics.shuffle.write.writeTime"":5015335248,""internal.metrics.executorDeserializeCpuTime"":391235600,""internal.metrics.shuffle.write.bytesWritten"":12584921702,""internal.metrics.shuffle.write.recordsWritten"":3904920},""numTasks"":140,""partitions"":140,""shuffleOutput"":""RangePartitioning(account_id, ts, CAST((_nondeterministic * 1500.0D) AS INT))"",""taskMetricsDistributions"":{""duration"":[527.0,3363.0,3601.0,3885.0,5511.0],""jvmGcTime"":[0.0,0.0,8.0,10.0,12.0],""quantiles"":[0.0,0.25,0.5,0.75,1.0],""schedulerDelay"":[2.0,3.0,3.0,5.0,7.0],""executorRunTime"":[521.0,3357.0,3597.0,3878.0,5502.0],""peakExecutionMemory"":[67174384.0,201850832.0,201850832.0,201850832.0,269483968.0],""executorDeserializeTime"":[2.0,2.0,2.0,5.0,8.0],""inputMetrics_recordsRead"":[2806.0,25760.0,28991.0,31379.0,38352.0],""shuffleWriteMetrics_writeBytes"":[10726441.0,81883440.0,92184840.0,101765689.0,126658789.0],""shuffleWriteMetrics_writeRecords"":[2806.0,25760.0,28991.0,31379.0,38352.0]}}"
6992,75,1784570232912,1784570259565,spark_execution,stage,Stage 63,"save at FormatSparkWriter.scala:28 - attempt=0, id=63, jobId=47, numTasks=190, parentStages=(62), partitions=190, shuffleInputs=(RangePartitioning(account_id, ts, CAST((_nondeterministic * 1500.0D) AS INT))), status=succeeded, tfId=15","{""id"":63,""tfId"":15,""jobId"":47,""status"":""succeeded"",""attempt"":0,""metrics"":{""internal.metrics.jvmGCTime"":358,""internal.metrics.resultSize"":1768716,""internal.metrics.executorCpuTime"":152457446500,""internal.metrics.executorRunTime"":668690,""internal.metrics.output.bytesWritten"":3922837953,""internal.metrics.peakExecutionMemory"":29296288976,""internal.metrics.output.recordsWritten"":3904920,""internal.metrics.executorDeserializeTime"":975,""internal.metrics.shuffle.read.recordsRead"":3904920,""internal.metrics.executorDeserializeCpuTime"":937221200,""internal.metrics.shuffle.read.fetchWaitTime"":111,""internal.metrics.shuffle.read.localBytesRead"":626007294,""internal.metrics.shuffle.read.remoteBytesRead"":11958914408,""internal.metrics.shuffle.read.localBlocksFetched"":1338,""internal.metrics.shuffle.read.remoteReqsDuration"":34699,""internal.metrics.shuffle.read.remoteBlocksFetched"":25262},""numTasks"":190,""partitions"":190,""parentStages"":""(62)"",""shuffleInputs"":""(RangePartitioning(account_id, ts, CAST((_nondeterministic * 1500.0D) AS INT)))"",""taskMetricsDistributions"":{""duration"":[729.0,1150.0,3003.0,5014.0,16979.0],""jvmGcTime"":[0.0,0.0,0.0,0.0,20.0],""quantiles"":[0.0,0.25,0.5,0.75,1.0],""schedulerDelay"":[2.0,3.0,3.0,4.0,6.0],""executorRunTime"":[721.0,1138.0,2992.0,5007.0,16971.0],""peakExecutionMemory"":[67239920.0,134741984.0,134741984.0,201850832.0,268959680.0],""executorDeserializeTime"":[4.0,4.0,4.0,6.0,25.0],""outputMetrics_bytesWritten"":[1776247.0,11018869.0,18014183.0,26349232.0,65549852.0],""outputMetrics_recordsWritten"":[3157.0,20383.0,20613.0,20714.0,22636.0],""shuffleReadMetrics_readBytes"":[24399156.0,50825000.0,62828600.0,75694348.0,141558974.0],""shuffleReadMetrics_readRecords"":[3157.0,20383.0,20613.0,20714.0,22636.0]}}"
6992,77,1784570265397,1784570269164,spark_execution,stage,Stage 64,"save at FormatSparkWriter.scala:28 - attempt=0, id=64, jobId=48, numTasks=8, partitions=8, status=succeeded, tfId=16","{""id"":64,""tfId"":16,""jobId"":48,""status"":""succeeded"",""attempt"":0,""metrics"":{""internal.metrics.jvmGCTime"":21,""internal.metrics.resultSize"":13869083,""internal.metrics.executorCpuTime"":5996802100,""internal.metrics.executorRunTime"":25888,""internal.metrics.input.recordsRead"":225484,""internal.metrics.executorDeserializeTime"":29,""internal.metrics.resultSerializationTime"":63,""internal.metrics.executorDeserializeCpuTime"":18794600},""numTasks"":8,""partitions"":8,""taskMetricsDistributions"":{""duration"":[2525.0,3165.0,3323.0,3637.0,3764.0],""jvmGcTime"":[0.0,0.0,0.0,0.0,21.0],""quantiles"":[0.0,0.25,0.5,0.75,1.0],""schedulerDelay"":[4.0,5.0,6.0,7.0,9.0],""executorRunTime"":[2508.0,3143.0,3300.0,3610.0,3736.0],""gettingResultTime"":[0.0,7.0,8.0,9.0,10.0],""executorDeserializeTime"":[3.0,3.0,4.0,4.0,4.0],""resultSerializationTime"":[4.0,6.0,9.0,10.0,11.0],""inputMetrics_recordsRead"":[13631.0,27792.0,30655.0,33330.0,34624.0]}}"
6992,79,1784570269420,1784570274000,spark_execution,stage,Stage 65,"save at FormatSparkWriter.scala:28 - attempt=0, id=65, jobId=49, numTasks=8, partitions=8, shuffleOutput=RangePartitioning(account_id, ts, CAST((_nondeterministic * 1500.0D) AS INT)), status=succeeded, tfId=16","{""id"":65,""tfId"":16,""jobId"":49,""status"":""succeeded"",""attempt"":0,""metrics"":{""internal.metrics.jvmGCTime"":16,""internal.metrics.resultSize"":40613,""internal.metrics.executorCpuTime"":8306792200,""internal.metrics.executorRunTime"":28585,""internal.metrics.input.recordsRead"":225484,""internal.metrics.peakExecutionMemory"":1682701936,""internal.metrics.executorDeserializeTime"":43,""internal.metrics.shuffle.write.writeTime"":279646069,""internal.metrics.executorDeserializeCpuTime"":28265300,""internal.metrics.shuffle.write.bytesWritten"":742861256,""internal.metrics.shuffle.write.recordsWritten"":225484},""numTasks"":8,""partitions"":8,""shuffleOutput"":""RangePartitioning(account_id, ts, CAST((_nondeterministic * 1500.0D) AS INT))"",""taskMetricsDistributions"":{""duration"":[3142.0,3357.0,3498.0,3780.0,4575.0],""jvmGcTime"":[0.0,0.0,0.0,0.0,16.0],""quantiles"":[0.0,0.25,0.5,0.75,1.0],""schedulerDelay"":[2.0,4.0,4.0,4.0,5.0],""executorRunTime"":[3132.0,3348.0,3488.0,3770.0,4566.0],""peakExecutionMemory"":[134479840.0,201850832.0,201850832.0,269483968.0,269483968.0],""executorDeserializeTime"":[4.0,5.0,6.0,6.0,6.0],""inputMetrics_recordsRead"":[13631.0,27792.0,30655.0,33330.0,34624.0],""shuffleWriteMetrics_writeBytes"":[48096824.0,90495596.0,100604626.0,109715456.0,113391639.0],""shuffleWriteMetrics_writeRecords"":[13631.0,27792.0,30655.0,33330.0,34624.0]}}"
6992,80,1784570274115,1784570300755,spark_execution,stage,Stage 67,"save at FormatSparkWriter.scala:28 - attempt=0, id=67, jobId=50, numTasks=41, parentStages=(66), partitions=41, shuffleInputs=(RangePartitioning(account_id, ts, CAST((_nondeterministic * 1500.0D) AS INT))), status=succeeded, tfId=16","{""id"":67,""tfId"":16,""jobId"":50,""status"":""succeeded"",""attempt"":0,""metrics"":{""internal.metrics.jvmGCTime"":185,""internal.metrics.resultSize"":527313,""internal.metrics.executorCpuTime"":23481874100,""internal.metrics.executorRunTime"":286555,""internal.metrics.output.bytesWritten"":392239487,""internal.metrics.peakExecutionMemory"":2762014064,""internal.metrics.output.recordsWritten"":225484,""internal.metrics.executorDeserializeTime"":326,""internal.metrics.shuffle.read.recordsRead"":225484,""internal.metrics.executorDeserializeCpuTime"":224276100,""internal.metrics.shuffle.read.fetchWaitTime"":32,""internal.metrics.shuffle.read.localBytesRead"":35324237,""internal.metrics.shuffle.read.remoteBytesRead"":707537019,""internal.metrics.shuffle.read.localBlocksFetched"":17,""internal.metrics.shuffle.read.remoteReqsDuration"":3743,""internal.metrics.shuffle.read.remoteBlocksFetched"":311},""numTasks"":41,""partitions"":41,""parentStages"":""(66)"",""shuffleInputs"":""(RangePartitioning(account_id, ts, CAST((_nondeterministic * 1500.0D) AS INT)))"",""taskMetricsDistributions"":{""duration"":[710.0,2990.0,5476.0,9141.0,26627.0],""jvmGcTime"":[0.0,0.0,0.0,0.0,37.0],""quantiles"":[0.0,0.25,0.5,0.75,1.0],""schedulerDelay"":[4.0,4.0,4.0,5.0,6.0],""executorRunTime"":[697.0,2977.0,5463.0,9130.0,26613.0],""peakExecutionMemory"":[67174384.0,67370992.0,67370992.0,67370992.0,67370992.0],""executorDeserializeTime"":[4.0,7.0,8.0,9.0,10.0],""outputMetrics_bytesWritten"":[1976912.0,6735197.0,9639560.0,12937097.0,22645419.0],""outputMetrics_recordsWritten"":[496.0,5592.0,5615.0,5658.0,5705.0],""shuffleReadMetrics_readBytes"":[3804337.0,15129133.0,17565958.0,20160254.0,30384306.0],""shuffleReadMetrics_readRecords"":[496.0,5592.0,5615.0,5658.0,5705.0]}}"
6992,81,1784570304289,1784570319148,spark_execution,stage,Stage 68,"save at FormatSparkWriter.scala:28 - attempt=0, id=68, jobId=51, numTasks=139, partitions=139, status=succeeded, tfId=17","{""id"":68,""tfId"":17,""jobId"":51,""status"":""succeeded"",""attempt"":0,""metrics"":{""internal.metrics.jvmGCTime"":987,""internal.metrics.resultSize"":179390817,""internal.metrics.executorCpuTime"":106086668800,""internal.metrics.executorRunTime"":466134,""internal.metrics.input.recordsRead"":4099045,""internal.metrics.executorDeserializeTime"":243,""internal.metrics.resultSerializationTime"":769,""internal.metrics.executorDeserializeCpuTime"":195886100},""numTasks"":139,""partitions"":139,""taskMetricsDistributions"":{""duration"":[562.0,3097.0,3392.0,3580.0,6243.0],""jvmGcTime"":[0.0,0.0,0.0,13.0,37.0],""quantiles"":[0.0,0.25,0.5,0.75,1.0],""schedulerDelay"":[2.0,4.0,4.0,6.0,74.0],""executorRunTime"":[556.0,3074.0,3369.0,3563.0,6226.0],""gettingResultTime"":[0.0,5.0,6.0,7.0,80.0],""executorDeserializeTime"":[0.0,1.0,1.0,3.0,4.0],""resultSerializationTime"":[0.0,5.0,6.0,6.0,7.0],""inputMetrics_recordsRead"":[2460.0,28073.0,30638.0,32888.0,39438.0]}}"
6992,83,1784570326144,1784570341359,spark_execution,stage,Stage 69,"save at FormatSparkWriter.scala:28 - attempt=0, id=69, jobId=52, numTasks=139, partitions=139, shuffleOutput=RangePartitioning(account_id, ts, CAST((_nondeterministic * 1500.0D) AS INT)), status=succeeded, tfId=17","{""id"":69,""tfId"":17,""jobId"":52,""status"":""succeeded"",""attempt"":0,""metrics"":{""internal.metrics.jvmGCTime"":939,""internal.metrics.resultSize"":697294,""internal.metrics.executorCpuTime"":151696719200,""internal.metrics.executorRunTime"":514491,""internal.metrics.input.recordsRead"":4099045,""internal.metrics.peakExecutionMemory"":29819593808,""internal.metrics.executorDeserializeTime"":435,""internal.metrics.shuffle.write.writeTime"":5308143200,""internal.metrics.executorDeserializeCpuTime"":375067900,""internal.metrics.shuffle.write.bytesWritten"":13527896941,""internal.metrics.shuffle.write.recordsWritten"":4099045},""numTasks"":139,""partitions"":139,""shuffleOutput"":""RangePartitioning(account_id, ts, CAST((_nondeterministic * 1500.0D) AS INT))"",""taskMetricsDistributions"":{""duration"":[515.0,3487.0,3706.0,3921.0,5688.0],""jvmGcTime"":[0.0,0.0,9.0,10.0,14.0],""quantiles"":[0.0,0.25,0.5,0.75,1.0],""schedulerDelay"":[2.0,3.0,3.0,4.0,7.0],""executorRunTime"":[510.0,3483.0,3701.0,3917.0,5683.0],""peakExecutionMemory"":[67174384.0,201850832.0,201850832.0,269483968.0,269483968.0],""executorDeserializeTime"":[1.0,2.0,2.0,5.0,8.0],""inputMetrics_recordsRead"":[2460.0,28073.0,30638.0,32888.0,39438.0],""shuffleWriteMetrics_writeBytes"":[9379660.0,92023357.0,100988955.0,108422936.0,129403503.0],""shuffleWriteMetrics_writeRecords"":[2460.0,28073.0,30638.0,32888.0,39438.0]}}"
6992,84,1784570341574,1784570365906,spark_execution,stage,Stage 71,"save at FormatSparkWriter.scala:28 - attempt=0, id=71, jobId=53, numTasks=204, parentStages=(70), partitions=204, shuffleInputs=(RangePartitioning(account_id, ts, CAST((_nondeterministic * 1500.0D) AS INT))), status=succeeded, tfId=17","{""id"":71,""tfId"":17,""jobId"":53,""status"":""succeeded"",""attempt"":0,""metrics"":{""internal.metrics.jvmGCTime"":376,""internal.metrics.resultSize"":1860500,""internal.metrics.executorCpuTime"":156847699500,""internal.metrics.executorRunTime"":636981,""internal.metrics.output.bytesWritten"":4274586751,""internal.metrics.peakExecutionMemory"":31111242528,""internal.metrics.output.recordsWritten"":4099045,""internal.metrics.executorDeserializeTime"":992,""internal.metrics.shuffle.read.recordsRead"":4099045,""internal.metrics.executorDeserializeCpuTime"":966391500,""internal.metrics.shuffle.read.fetchWaitTime"":92,""internal.metrics.shuffle.read.localBytesRead"":677296867,""internal.metrics.shuffle.read.remoteBytesRead"":12850600074,""internal.metrics.shuffle.read.localBlocksFetched"":1424,""internal.metrics.shuffle.read.remoteReqsDuration"":34396,""internal.metrics.shuffle.read.remoteBlocksFetched"":26932},""numTasks"":204,""partitions"":204,""parentStages"":""(70)"",""shuffleInputs"":""(RangePartitioning(account_id, ts, CAST((_nondeterministic * 1500.0D) AS INT)))"",""taskMetricsDistributions"":{""duration"":[757.0,1131.0,2548.0,4331.0,14377.0],""jvmGcTime"":[0.0,0.0,0.0,0.0,23.0],""quantiles"":[0.0,0.25,0.5,0.75,1.0],""schedulerDelay"":[2.0,3.0,3.0,4.0,6.0],""executorRunTime"":[750.0,1119.0,2541.0,4325.0,14369.0],""peakExecutionMemory"":[67633136.0,134741984.0,134741984.0,201850832.0,268959680.0],""executorDeserializeTime"":[4.0,4.0,4.0,4.0,19.0],""outputMetrics_bytesWritten"":[1840635.0,10921518.0,17602590.0,28995101.0,64326780.0],""outputMetrics_recordsWritten"":[19603.0,20021.0,20085.0,20158.0,20576.0],""shuffleReadMetrics_readBytes"":[26294256.0,49651572.0,61711066.0,79040300.0,138565467.0],""shuffleReadMetrics_readRecords"":[19603.0,20021.0,20085.0,20158.0,20576.0]}}"
6992,86,1784570371254,1784570375203,spark_execution,stage,Stage 72,"save at FormatSparkWriter.scala:28 - attempt=0, id=72, jobId=54, numTasks=6, partitions=6, status=succeeded, tfId=18","{""id"":72,""tfId"":18,""jobId"":54,""status"":""succeeded"",""attempt"":0,""metrics"":{""internal.metrics.jvmGCTime"":16,""internal.metrics.resultSize"":9743730,""internal.metrics.executorCpuTime"":4290190700,""internal.metrics.executorRunTime"":19428,""internal.metrics.input.recordsRead"":158640,""internal.metrics.executorDeserializeTime"":22,""internal.metrics.resultSerializationTime"":48,""internal.metrics.executorDeserializeCpuTime"":14726700},""numTasks"":6,""partitions"":6,""taskMetricsDistributions"":{""duration"":[1543.0,3068.0,3796.0,3840.0,3946.0],""jvmGcTime"":[0.0,0.0,0.0,0.0,16.0],""quantiles"":[0.0,0.25,0.5,0.75,1.0],""schedulerDelay"":[3.0,4.0,6.0,6.0,9.0],""executorRunTime"":[1525.0,3051.0,3765.0,3818.0,3921.0],""gettingResultTime"":[0.0,5.0,8.0,8.0,9.0],""executorDeserializeTime"":[3.0,3.0,4.0,4.0,4.0],""resultSerializationTime"":[5.0,5.0,9.0,9.0,12.0],""inputMetrics_recordsRead"":[15509.0,18275.0,30483.0,32076.0,34227.0]}}"
6992,88,1784570375379,1784570378995,spark_execution,stage,Stage 73,"save at FormatSparkWriter.scala:28 - attempt=0, id=73, jobId=55, numTasks=6, partitions=6, shuffleOutput=RangePartitioning(account_id, ts, CAST((_nondeterministic * 1500.0D) AS INT)), status=succeeded, tfId=18","{""id"":73,""tfId"":18,""jobId"":55,""status"":""succeeded"",""attempt"":0,""metrics"":{""internal.metrics.jvmGCTime"":53,""internal.metrics.resultSize"":32049,""internal.metrics.executorCpuTime"":5985629900,""internal.metrics.executorRunTime"":17950,""internal.metrics.input.recordsRead"":158640,""internal.metrics.peakExecutionMemory"":1144258288,""internal.metrics.executorDeserializeTime"":31,""internal.metrics.shuffle.write.writeTime"":201488338,""internal.metrics.executorDeserializeCpuTime"":21678900,""internal.metrics.shuffle.write.bytesWritten"":532532058,""internal.metrics.shuffle.write.recordsWritten"":158640},""numTasks"":6,""partitions"":6,""shuffleOutput"":""RangePartitioning(account_id, ts, CAST((_nondeterministic * 1500.0D) AS INT))"",""taskMetricsDistributions"":{""duration"":[1515.0,2728.0,3377.0,3406.0,3611.0],""jvmGcTime"":[0.0,0.0,15.0,18.0,20.0],""quantiles"":[0.0,0.25,0.5,0.75,1.0],""schedulerDelay"":[3.0,3.0,4.0,4.0,4.0],""executorRunTime"":[1506.0,2719.0,3368.0,3398.0,3602.0],""peakExecutionMemory"":[134479840.0,134741984.0,201850832.0,201850832.0,269483968.0],""executorDeserializeTime"":[4.0,5.0,5.0,6.0,6.0],""inputMetrics_recordsRead"":[15509.0,18275.0,30483.0,32076.0,34227.0],""shuffleWriteMetrics_writeBytes"":[56206273.0,63553772.0,100292122.0,106078337.0,113255704.0],""shuffleWriteMetrics_writeRecords"":[15509.0,18275.0,30483.0,32076.0,34227.0]}}"
6992,89,1784570379125,1784570397221,spark_execution,stage,Stage 75,"save at FormatSparkWriter.scala:28 - attempt=0, id=75, jobId=56, numTasks=41, parentStages=(74), partitions=41, shuffleInputs=(RangePartitioning(account_id, ts, CAST((_nondeterministic * 1500.0D) AS INT))), status=succeeded, tfId=18","{""id"":75,""tfId"":18,""jobId"":56,""status"":""succeeded"",""attempt"":0,""metrics"":{""internal.metrics.jvmGCTime"":78,""internal.metrics.resultSize"":509291,""internal.metrics.executorCpuTime"":19769816100,""internal.metrics.executorRunTime"":245709,""internal.metrics.output.bytesWritten"":315215873,""internal.metrics.peakExecutionMemory"":2756771184,""internal.metrics.output.recordsWritten"":158640,""internal.metrics.executorDeserializeTime"":331,""internal.metrics.shuffle.read.recordsRead"":158640,""internal.metrics.executorDeserializeCpuTime"":226523000,""internal.metrics.shuffle.read.fetchWaitTime"":81,""internal.metrics.shuffle.read.localBytesRead"":27480824,""internal.metrics.shuffle.read.remoteBytesRead"":505051234,""internal.metrics.shuffle.read.localBlocksFetched"":12,""internal.metrics.shuffle.read.remoteReqsDuration"":2402,""internal.metrics.shuffle.read.remoteBlocksFetched"":234},""numTasks"":41,""partitions"":41,""parentStages"":""(74)"",""shuffleInputs"":""(RangePartitioning(account_id, ts, CAST((_nondeterministic * 1500.0D) AS INT)))"",""taskMetricsDistributions"":{""duration"":[507.0,2726.0,5461.0,7730.0,18084.0],""jvmGcTime"":[0.0,0.0,0.0,0.0,27.0],""quantiles"":[0.0,0.25,0.5,0.75,1.0],""schedulerDelay"":[3.0,4.0,5.0,5.0,6.0],""executorRunTime"":[494.0,2715.0,5446.0,7719.0,18073.0],""peakExecutionMemory"":[67174384.0,67239920.0,67239920.0,67239920.0,67239920.0],""executorDeserializeTime"":[4.0,7.0,8.0,9.0,11.0],""outputMetrics_bytesWritten"":[1357304.0,5043703.0,7979833.0,9387568.0,17307907.0],""outputMetrics_recordsWritten"":[317.0,3935.0,3950.0,3967.0,4028.0],""shuffleReadMetrics_readBytes"":[2706957.0,10850789.0,12810315.0,14550140.0,20804370.0],""shuffleReadMetrics_readRecords"":[317.0,3935.0,3950.0,3967.0,4028.0]}}"
6992,90,1784570400603,1784570411333,spark_execution,stage,Stage 76,"save at FormatSparkWriter.scala:28 - attempt=0, id=76, jobId=57, numTasks=113, partitions=113, status=succeeded, tfId=19","{""id"":76,""tfId"":19,""jobId"":57,""status"":""succeeded"",""attempt"":0,""metrics"":{""internal.metrics.jvmGCTime"":945,""internal.metrics.resultSize"":175084435,""internal.metrics.executorCpuTime"":88568591000,""internal.metrics.executorRunTime"":380573,""internal.metrics.input.recordsRead"":3348324,""internal.metrics.executorDeserializeTime"":304,""internal.metrics.resultSerializationTime"":749,""internal.metrics.executorDeserializeCpuTime"":165845900},""numTasks"":113,""partitions"":113,""taskMetricsDistributions"":{""duration"":[623.0,3178.0,3377.0,3619.0,5003.0],""jvmGcTime"":[0.0,0.0,7.0,13.0,37.0],""quantiles"":[0.0,0.25,0.5,0.75,1.0],""schedulerDelay"":[2.0,4.0,5.0,6.0,31.0],""executorRunTime"":[617.0,3156.0,3356.0,3591.0,4983.0],""gettingResultTime"":[0.0,6.0,7.0,8.0,32.0],""executorDeserializeTime"":[0.0,1.0,1.0,4.0,71.0],""resultSerializationTime"":[0.0,6.0,7.0,8.0,9.0],""inputMetrics_recordsRead"":[2345.0,28503.0,30989.0,33245.0,38516.0]}}"
6992,92,1784570418039,1784570429749,spark_execution,stage,Stage 77,"save at FormatSparkWriter.scala:28 - attempt=0, id=77, jobId=58, numTasks=113, partitions=113, shuffleOutput=RangePartitioning(account_id, ts, CAST((_nondeterministic * 1500.0D) AS INT)), status=succeeded, tfId=19","{""id"":77,""tfId"":19,""jobId"":58,""status"":""succeeded"",""attempt"":0,""metrics"":{""internal.metrics.jvmGCTime"":776,""internal.metrics.resultSize"":568815,""internal.metrics.executorCpuTime"":125661453500,""internal.metrics.executorRunTime"":422417,""internal.metrics.input.recordsRead"":3348324,""internal.metrics.peakExecutionMemory"":24569375024,""internal.metrics.executorDeserializeTime"":372,""internal.metrics.shuffle.write.writeTime"":4978226775,""internal.metrics.executorDeserializeCpuTime"":305796800,""internal.metrics.shuffle.write.bytesWritten"":11141646204,""internal.metrics.shuffle.write.recordsWritten"":3348324},""numTasks"":113,""partitions"":113,""shuffleOutput"":""RangePartitioning(account_id, ts, CAST((_nondeterministic * 1500.0D) AS INT))"",""taskMetricsDistributions"":{""duration"":[628.0,3510.0,3738.0,4059.0,5240.0],""jvmGcTime"":[0.0,0.0,9.0,10.0,16.0],""quantiles"":[0.0,0.25,0.5,0.75,1.0],""schedulerDelay"":[2.0,3.0,3.0,4.0,6.0],""executorRunTime"":[623.0,3504.0,3733.0,4049.0,5230.0],""peakExecutionMemory"":[67174384.0,201850832.0,201850832.0,269483968.0,269483968.0],""executorDeserializeTime"":[2.0,2.0,2.0,5.0,7.0],""inputMetrics_recordsRead"":[2345.0,28503.0,30989.0,33245.0,38516.0],""shuffleWriteMetrics_writeBytes"":[9209074.0,94563013.0,102782298.0,110244663.0,129109664.0],""shuffleWriteMetrics_writeRecords"":[2345.0,28503.0,30989.0,33245.0,38516.0]}}"
6992,93,1784570429969,1784570458978,spark_execution,stage,Stage 79,"save at FormatSparkWriter.scala:28 - attempt=0, id=79, jobId=59, numTasks=167, parentStages=(78), partitions=167, shuffleInputs=(RangePartitioning(account_id, ts, CAST((_nondeterministic * 1500.0D) AS INT))), status=succeeded, tfId=19","{""id"":79,""tfId"":19,""jobId"":59,""status"":""succeeded"",""attempt"":0,""metrics"":{""internal.metrics.jvmGCTime"":355,""internal.metrics.resultSize"":1584524,""internal.metrics.executorCpuTime"":138279509100,""internal.metrics.executorRunTime"":618258,""internal.metrics.output.bytesWritten"":3581507738,""internal.metrics.peakExecutionMemory"":25656027184,""internal.metrics.output.recordsWritten"":3348324,""internal.metrics.executorDeserializeTime"":867,""internal.metrics.resultSerializationTime"":1,""internal.metrics.shuffle.read.recordsRead"":3348324,""internal.metrics.executorDeserializeCpuTime"":815305300,""internal.metrics.shuffle.read.localBytesRead"":554035868,""internal.metrics.shuffle.read.remoteBytesRead"":10587610336,""internal.metrics.shuffle.read.localBlocksFetched"":942,""internal.metrics.shuffle.read.remoteReqsDuration"":29703,""internal.metrics.shuffle.read.remoteBlocksFetched"":17929},""numTasks"":167,""partitions"":167,""parentStages"":""(78)"",""shuffleInputs"":""(RangePartitioning(account_id, ts, CAST((_nondeterministic * 1500.0D) AS INT)))"",""taskMetricsDistributions"":{""duration"":[761.0,1412.0,2834.0,4838.0,20396.0],""jvmGcTime"":[0.0,0.0,0.0,0.0,40.0],""quantiles"":[0.0,0.25,0.5,0.75,1.0],""schedulerDelay"":[2.0,3.0,3.0,4.0,6.0],""executorRunTime"":[754.0,1399.0,2826.0,4832.0,20388.0],""peakExecutionMemory"":[67633136.0,134741984.0,134741984.0,201850832.0,268959680.0],""executorDeserializeTime"":[4.0,4.0,4.0,7.0,12.0],""resultSerializationTime"":[0.0,0.0,0.0,0.0,1.0],""outputMetrics_bytesWritten"":[2760752.0,12105691.0,18463855.0,28393315.0,64568729.0],""outputMetrics_recordsWritten"":[18327.0,20020.0,20081.0,20125.0,20261.0],""shuffleReadMetrics_readBytes"":[25897195.0,51428899.0,61930667.0,78369296.0,139074124.0],""shuffleReadMetrics_readRecords"":[18327.0,20020.0,20081.0,20125.0,20261.0]}}"
6992,95,1784570463017,1784570467464,spark_execution,stage,Stage 80,"save at FormatSparkWriter.scala:28 - attempt=0, id=80, jobId=60, numTasks=6, partitions=6, status=succeeded, tfId=20","{""id"":80,""tfId"":20,""jobId"":60,""status"":""succeeded"",""attempt"":0,""metrics"":{""internal.metrics.jvmGCTime"":15,""internal.metrics.resultSize"":10955717,""internal.metrics.executorCpuTime"":5575396700,""internal.metrics.executorRunTime"":23304,""internal.metrics.input.recordsRead"":178315,""internal.metrics.executorDeserializeTime"":23,""internal.metrics.resultSerializationTime"":56,""internal.metrics.executorDeserializeCpuTime"":15736500},""numTasks"":6,""partitions"":6,""taskMetricsDistributions"":{""duration"":[3356.0,3369.0,4122.0,4262.0,4445.0],""jvmGcTime"":[0.0,0.0,0.0,0.0,15.0],""quantiles"":[0.0,0.25,0.5,0.75,1.0],""schedulerDelay"":[4.0,5.0,5.0,5.0,6.0],""executorRunTime"":[3329.0,3350.0,4099.0,4239.0,4408.0],""gettingResultTime"":[5.0,7.0,8.0,9.0,11.0],""executorDeserializeTime"":[3.0,3.0,4.0,4.0,5.0],""resultSerializationTime"":[6.0,6.0,9.0,11.0,16.0],""inputMetrics_recordsRead"":[18195.0,27636.0,31915.0,33590.0,36473.0]}}"
6992,97,1784570467664,1784570473377,spark_execution,stage,Stage 81,"save at FormatSparkWriter.scala:28 - attempt=0, id=81, jobId=61, numTasks=6, partitions=6, shuffleOutput=RangePartitioning(account_id, ts, CAST((_nondeterministic * 1500.0D) AS INT)), status=succeeded, tfId=20","{""id"":81,""tfId"":20,""jobId"":61,""status"":""succeeded"",""attempt"":0,""metrics"":{""internal.metrics.jvmGCTime"":32,""internal.metrics.resultSize"":28799,""internal.metrics.executorCpuTime"":6837539200,""internal.metrics.executorRunTime"":24085,""internal.metrics.input.recordsRead"":178315,""internal.metrics.peakExecutionMemory"":1279262416,""internal.metrics.executorDeserializeTime"":34,""internal.metrics.shuffle.write.writeTime"":222865794,""internal.metrics.executorDeserializeCpuTime"":22450500,""internal.metrics.shuffle.write.bytesWritten"":585421920,""internal.metrics.shuffle.write.recordsWritten"":178315},""numTasks"":6,""partitions"":6,""shuffleOutput"":""RangePartitioning(account_id, ts, CAST((_nondeterministic * 1500.0D) AS INT))"",""taskMetricsDistributions"":{""duration"":[2251.0,3891.0,4098.0,4181.0,5705.0],""jvmGcTime"":[0.0,0.0,0.0,15.0,17.0],""quantiles"":[0.0,0.25,0.5,0.75,1.0],""schedulerDelay"":[2.0,3.0,4.0,4.0,4.0],""executorRunTime"":[2243.0,3881.0,4088.0,4171.0,5698.0],""peakExecutionMemory"":[134741984.0,201850832.0,201850832.0,269483968.0,269483968.0],""executorDeserializeTime"":[5.0,5.0,6.0,6.0,6.0],""inputMetrics_recordsRead"":[18195.0,27636.0,31915.0,33590.0,36473.0],""shuffleWriteMetrics_writeBytes"":[62004651.0,90555116.0,104179326.0,109850189.0,119540892.0],""shuffleWriteMetrics_writeRecords"":[18195.0,27636.0,31915.0,33590.0,36473.0]}}"
6992,98,1784570473527,1784570507071,spark_execution,stage,Stage 83,"save at FormatSparkWriter.scala:28 - attempt=0, id=83, jobId=62, numTasks=41, parentStages=(82), partitions=41, shuffleInputs=(RangePartitioning(account_id, ts, CAST((_nondeterministic * 1500.0D) AS INT))), status=succeeded, tfId=20","{""id"":83,""tfId"":20,""jobId"":62,""status"":""succeeded"",""attempt"":0,""metrics"":{""internal.metrics.jvmGCTime"":154,""internal.metrics.resultSize"":647089,""internal.metrics.executorCpuTime"":34302993700,""internal.metrics.executorRunTime"":437053,""internal.metrics.output.bytesWritten"":432814565,""internal.metrics.peakExecutionMemory"":2756771184,""internal.metrics.output.recordsWritten"":178315,""internal.metrics.executorDeserializeTime"":349,""internal.metrics.shuffle.read.recordsRead"":178315,""internal.metrics.executorDeserializeCpuTime"":241405900,""internal.metrics.shuffle.read.fetchWaitTime"":62,""internal.metrics.shuffle.read.localBytesRead"":29824913,""internal.metrics.shuffle.read.remoteBytesRead"":555597007,""internal.metrics.shuffle.read.localBlocksFetched"":12,""internal.metrics.shuffle.read.remoteReqsDuration"":2619,""internal.metrics.shuffle.read.remoteBlocksFetched"":234},""numTasks"":41,""partitions"":41,""parentStages"":""(82)"",""shuffleInputs"":""(RangePartitioning(account_id, ts, CAST((_nondeterministic * 1500.0D) AS INT)))"",""taskMetricsDistributions"":{""duration"":[635.0,5003.0,9216.0,13756.0,33532.0],""jvmGcTime"":[0.0,0.0,0.0,0.0,27.0],""quantiles"":[0.0,0.25,0.5,0.75,1.0],""schedulerDelay"":[3.0,4.0,4.0,5.0,8.0],""executorRunTime"":[623.0,4992.0,9202.0,13743.0,33512.0],""peakExecutionMemory"":[67174384.0,67239920.0,67239920.0,67239920.0,67239920.0],""executorDeserializeTime"":[4.0,8.0,9.0,9.0,12.0],""outputMetrics_bytesWritten"":[1476802.0,6719766.0,10275064.0,13155529.0,24954713.0],""outputMetrics_recordsWritten"":[338.0,4423.0,4441.0,4458.0,4533.0],""shuffleReadMetrics_readBytes"":[2796410.0,12115123.0,13631036.0,15349433.0,24034238.0],""shuffleReadMetrics_readRecords"":[338.0,4423.0,4441.0,4458.0,4533.0]}}"
6992,99,1784570512256,1784570526887,spark_execution,stage,Stage 84,"save at FormatSparkWriter.scala:28 - attempt=0, id=84, jobId=63, numTasks=150, partitions=150, status=succeeded, tfId=21","{""id"":84,""tfId"":21,""jobId"":63,""status"":""succeeded"",""attempt"":0,""metrics"":{""internal.metrics.jvmGCTime"":1562,""internal.metrics.resultSize"":179654774,""internal.metrics.executorCpuTime"":120439505000,""internal.metrics.executorRunTime"":522066,""internal.metrics.input.recordsRead"":4330986,""internal.metrics.executorDeserializeTime"":296,""internal.metrics.resultSerializationTime"":793,""internal.metrics.executorDeserializeCpuTime"":233505300},""numTasks"":150,""partitions"":150,""taskMetricsDistributions"":{""duration"":[611.0,3167.0,3496.0,3840.0,5338.0],""jvmGcTime"":[0.0,0.0,7.0,14.0,82.0],""quantiles"":[0.0,0.25,0.5,0.75,1.0],""schedulerDelay"":[2.0,4.0,4.0,6.0,14.0],""executorRunTime"":[604.0,3150.0,3479.0,3823.0,5317.0],""gettingResultTime"":[0.0,5.0,5.0,6.0,11.0],""executorDeserializeTime"":[0.0,1.0,1.0,3.0,11.0],""resultSerializationTime"":[0.0,5.0,6.0,6.0,10.0],""inputMetrics_recordsRead"":[2492.0,26923.0,30183.0,32315.0,40057.0]}}"
6992,101,1784570534156,1784570550008,spark_execution,stage,Stage 85,"save at FormatSparkWriter.scala:28 - attempt=0, id=85, jobId=64, numTasks=150, partitions=150, shuffleOutput=RangePartitioning(account_id, ts, CAST((_nondeterministic * 1500.0D) AS INT)), status=succeeded, tfId=21","{""id"":85,""tfId"":21,""jobId"":64,""status"":""succeeded"",""attempt"":0,""metrics"":{""internal.metrics.jvmGCTime"":1151,""internal.metrics.resultSize"":809671,""internal.metrics.executorCpuTime"":182035404100,""internal.metrics.executorRunTime"":590015,""internal.metrics.input.recordsRead"":4330986,""internal.metrics.peakExecutionMemory"":31500985024,""internal.metrics.executorDeserializeTime"":522,""internal.metrics.resultSerializationTime"":2,""internal.metrics.shuffle.write.writeTime"":6277425701,""internal.metrics.executorDeserializeCpuTime"":463147100,""internal.metrics.shuffle.write.bytesWritten"":14159536265,""internal.metrics.shuffle.write.recordsWritten"":4330986},""numTasks"":150,""partitions"":150,""shuffleOutput"":""RangePartitioning(account_id, ts, CAST((_nondeterministic * 1500.0D) AS INT))"",""taskMetricsDistributions"":{""duration"":[624.0,3606.0,3904.0,4244.0,7325.0],""jvmGcTime"":[0.0,0.0,9.0,12.0,31.0],""quantiles"":[0.0,0.25,0.5,0.75,1.0],""schedulerDelay"":[2.0,3.0,4.0,4.0,12.0],""executorRunTime"":[618.0,3600.0,3899.0,4234.0,7314.0],""peakExecutionMemory"":[67174384.0,201850832.0,201850832.0,201850832.0,269483968.0],""executorDeserializeTime"":[2.0,2.0,3.0,5.0,8.0],""resultSerializationTime"":[0.0,0.0,0.0,0.0,2.0],""inputMetrics_recordsRead"":[2492.0,26923.0,30183.0,32315.0,40057.0],""shuffleWriteMetrics_writeBytes"":[9486508.0,87864464.0,97554906.0,105786659.0,131262712.0],""shuffleWriteMetrics_writeRecords"":[2492.0,26923.0,30183.0,32315.0,40057.0]}}"
6992,102,1784570550226,1784570591684,spark_execution,stage,Stage 87,"save at FormatSparkWriter.scala:28 - attempt=0, id=87, jobId=65, numTasks=214, parentStages=(86), partitions=214, shuffleInputs=(RangePartitioning(account_id, ts, CAST((_nondeterministic * 1500.0D) AS INT))), status=succeeded, tfId=21","{""id"":87,""tfId"":21,""jobId"":65,""status"":""succeeded"",""attempt"":0,""metrics"":{""internal.metrics.jvmGCTime"":635,""internal.metrics.resultSize"":2198075,""internal.metrics.executorCpuTime"":219166310700,""internal.metrics.executorRunTime"":1065140,""internal.metrics.output.bytesWritten"":4613975735,""internal.metrics.peakExecutionMemory"":32995795296,""internal.metrics.output.recordsWritten"":4330986,""internal.metrics.executorDeserializeTime"":1193,""internal.metrics.resultSerializationTime"":3,""internal.metrics.shuffle.read.recordsRead"":4330986,""internal.metrics.executorDeserializeCpuTime"":1181262600,""internal.metrics.shuffle.read.fetchWaitTime"":104,""internal.metrics.shuffle.read.localBytesRead"":711941161,""internal.metrics.shuffle.read.remoteBytesRead"":13447595104,""internal.metrics.shuffle.read.localBlocksFetched"":1611,""internal.metrics.shuffle.read.remoteReqsDuration"":44870,""internal.metrics.shuffle.read.remoteBlocksFetched"":30489},""numTasks"":214,""partitions"":214,""parentStages"":""(86)"",""shuffleInputs"":""(RangePartitioning(account_id, ts, CAST((_nondeterministic * 1500.0D) AS INT)))"",""taskMetricsDistributions"":{""duration"":[806.0,1414.0,3861.0,6779.0,25376.0],""jvmGcTime"":[0.0,0.0,0.0,0.0,37.0],""quantiles"":[0.0,0.25,0.5,0.75,1.0],""schedulerDelay"":[2.0,3.0,4.0,4.0,7.0],""executorRunTime"":[799.0,1407.0,3854.0,6771.0,25369.0],""peakExecutionMemory"":[67633136.0,134741984.0,134741984.0,201850832.0,268959680.0],""executorDeserializeTime"":[4.0,4.0,5.0,7.0,12.0],""resultSerializationTime"":[0.0,0.0,0.0,0.0,1.0],""outputMetrics_bytesWritten"":[2452345.0,11751505.0,18994098.0,28954669.0,64850206.0],""outputMetrics_recordsWritten"":[6813.0,19970.0,20304.0,20453.0,21993.0],""shuffleReadMetrics_readBytes"":[25434697.0,49616527.0,61627136.0,77542125.0,139520309.0],""shuffleReadMetrics_readRecords"":[6813.0,19970.0,20304.0,20453.0,21993.0]}}"
6992,104,1784570600203,1784570604159,spark_execution,stage,Stage 88,"save at FormatSparkWriter.scala:28 - attempt=0, id=88, jobId=66, numTasks=9, partitions=9, status=succeeded, tfId=22","{""id"":88,""tfId"":22,""jobId"":66,""status"":""succeeded"",""attempt"":0,""metrics"":{""internal.metrics.jvmGCTime"":311,""internal.metrics.resultSize"":15560216,""internal.metrics.executorCpuTime"":7216045700,""internal.metrics.executorRunTime"":29460,""internal.metrics.input.recordsRead"":253157,""internal.metrics.executorDeserializeTime"":35,""internal.metrics.resultSerializationTime"":68,""internal.metrics.executorDeserializeCpuTime"":25636300},""numTasks"":9,""partitions"":9,""taskMetricsDistributions"":{""duration"":[1170.0,3327.0,3539.0,3772.0,3954.0],""jvmGcTime"":[0.0,0.0,26.0,41.0,159.0],""quantiles"":[0.0,0.25,0.5,0.75,1.0],""schedulerDelay"":[4.0,5.0,5.0,6.0,7.0],""executorRunTime"":[1158.0,3303.0,3509.0,3745.0,3926.0],""gettingResultTime"":[0.0,7.0,8.0,10.0,13.0],""executorDeserializeTime"":[3.0,3.0,4.0,4.0,6.0],""resultSerializationTime"":[2.0,6.0,8.0,9.0,11.0],""inputMetrics_recordsRead"":[9157.0,28309.0,30660.0,33162.0,35264.0]}}"
6992,106,1784570604473,1784570609969,spark_execution,stage,Stage 89,"save at FormatSparkWriter.scala:28 - attempt=0, id=89, jobId=67, numTasks=9, partitions=9, shuffleOutput=RangePartitioning(account_id, ts, CAST((_nondeterministic * 1500.0D) AS INT)), status=succeeded, tfId=22","{""id"":89,""tfId"":22,""jobId"":67,""status"":""succeeded"",""attempt"":0,""metrics"":{""internal.metrics.jvmGCTime"":53,""internal.metrics.resultSize"":48742,""internal.metrics.executorCpuTime"":10117670000,""internal.metrics.executorRunTime"":30930,""internal.metrics.input.recordsRead"":253157,""internal.metrics.peakExecutionMemory"":1817968208,""internal.metrics.executorDeserializeTime"":56,""internal.metrics.shuffle.write.writeTime"":334972146,""internal.metrics.executorDeserializeCpuTime"":34790100,""internal.metrics.shuffle.write.bytesWritten"":833093520,""internal.metrics.shuffle.write.recordsWritten"":253157},""numTasks"":9,""partitions"":9,""shuffleOutput"":""RangePartitioning(account_id, ts, CAST((_nondeterministic * 1500.0D) AS INT))"",""taskMetricsDistributions"":{""duration"":[982.0,3129.0,3627.0,3875.0,5489.0],""jvmGcTime"":[0.0,0.0,0.0,0.0,28.0],""quantiles"":[0.0,0.25,0.5,0.75,1.0],""schedulerDelay"":[3.0,3.0,3.0,4.0,7.0],""executorRunTime"":[971.0,3121.0,3619.0,3857.0,5481.0],""peakExecutionMemory"":[67370992.0,201850832.0,201850832.0,269483968.0,269483968.0],""executorDeserializeTime"":[5.0,5.0,6.0,6.0,11.0],""inputMetrics_recordsRead"":[9157.0,28309.0,30660.0,33162.0,35264.0],""shuffleWriteMetrics_writeBytes"":[34268232.0,91952138.0,100290131.0,107696401.0,116061385.0],""shuffleWriteMetrics_writeRecords"":[9157.0,28309.0,30660.0,33162.0,35264.0]}}"
6992,107,1784570610067,1784570636420,spark_execution,stage,Stage 91,"save at FormatSparkWriter.scala:28 - attempt=0, id=91, jobId=68, numTasks=41, parentStages=(90), partitions=41, shuffleInputs=(RangePartitioning(account_id, ts, CAST((_nondeterministic * 1500.0D) AS INT))), status=succeeded, tfId=22","{""id"":91,""tfId"":22,""jobId"":68,""status"":""succeeded"",""attempt"":0,""metrics"":{""internal.metrics.jvmGCTime"":269,""internal.metrics.resultSize"":559478,""internal.metrics.executorCpuTime"":31975770900,""internal.metrics.executorRunTime"":342005,""internal.metrics.output.bytesWritten"":441897366,""internal.metrics.peakExecutionMemory"":2762014064,""internal.metrics.output.recordsWritten"":253157,""internal.metrics.executorDeserializeTime"":375,""internal.metrics.shuffle.read.recordsRead"":253157,""internal.metrics.executorDeserializeCpuTime"":261728800,""internal.metrics.shuffle.read.fetchWaitTime"":27,""internal.metrics.shuffle.read.localBytesRead"":38792712,""internal.metrics.shuffle.read.remoteBytesRead"":794300808,""internal.metrics.shuffle.read.localBlocksFetched"":18,""internal.metrics.shuffle.read.remoteReqsDuration"":4236,""internal.metrics.shuffle.read.remoteBlocksFetched"":351},""numTasks"":41,""partitions"":41,""parentStages"":""(90)"",""shuffleInputs"":""(RangePartitioning(account_id, ts, CAST((_nondeterministic * 1500.0D) AS INT)))"",""taskMetricsDistributions"":{""duration"":[734.0,4724.0,7082.0,11603.0,26341.0],""jvmGcTime"":[0.0,0.0,0.0,0.0,37.0],""quantiles"":[0.0,0.25,0.5,0.75,1.0],""schedulerDelay"":[2.0,4.0,5.0,5.0,6.0],""executorRunTime"":[722.0,4711.0,7066.0,11587.0,26312.0],""peakExecutionMemory"":[67174384.0,67370992.0,67370992.0,67370992.0,67370992.0],""executorDeserializeTime"":[4.0,8.0,9.0,10.0,24.0],""outputMetrics_bytesWritten"":[1764938.0,7572574.0,10427212.0,13813113.0,22252952.0],""outputMetrics_recordsWritten"":[430.0,6302.0,6327.0,6331.0,6406.0],""shuffleReadMetrics_readBytes"":[3398719.0,16932352.0,20175609.0,22670426.0,32899514.0],""shuffleReadMetrics_readRecords"":[430.0,6302.0,6327.0,6331.0,6406.0]}}"
6992,108,1784570640118,1784570656802,spark_execution,stage,Stage 92,"save at FormatSparkWriter.scala:28 - attempt=0, id=92, jobId=69, numTasks=155, partitions=155, status=succeeded, tfId=23","{""id"":92,""tfId"":23,""jobId"":69,""status"":""succeeded"",""attempt"":0,""metrics"":{""internal.metrics.jvmGCTime"":1619,""internal.metrics.resultSize"":179829450,""internal.metrics.executorCpuTime"":144314011600,""internal.metrics.executorRunTime"":570997,""internal.metrics.input.recordsRead"":4638502,""internal.metrics.executorDeserializeTime"":288,""internal.metrics.resultSerializationTime"":1001,""internal.metrics.executorDeserializeCpuTime"":266784000},""numTasks"":155,""partitions"":155,""taskMetricsDistributions"":{""duration"":[777.0,3423.0,3668.0,4008.0,6345.0],""jvmGcTime"":[0.0,0.0,7.0,16.0,51.0],""quantiles"":[0.0,0.25,0.5,0.75,1.0],""schedulerDelay"":[2.0,4.0,5.0,6.0,12.0],""executorRunTime"":[771.0,3403.0,3647.0,3980.0,6323.0],""gettingResultTime"":[0.0,5.0,5.0,7.0,31.0],""executorDeserializeTime"":[1.0,1.0,1.0,3.0,6.0],""resultSerializationTime"":[0.0,5.0,6.0,8.0,12.0],""inputMetrics_recordsRead"":[2341.0,28704.0,31069.0,33509.0,41050.0]}}"
6992,110,1784570663832,1784570680276,spark_execution,stage,Stage 93,"save at FormatSparkWriter.scala:28 - attempt=0, id=93, jobId=70, numTasks=155, partitions=155, shuffleOutput=RangePartitioning(account_id, ts, CAST((_nondeterministic * 1500.0D) AS INT)), status=succeeded, tfId=23","{""id"":93,""tfId"":23,""jobId"":70,""status"":""succeeded"",""attempt"":0,""metrics"":{""internal.metrics.jvmGCTime"":1383,""internal.metrics.resultSize"":774588,""internal.metrics.executorCpuTime"":198978566300,""internal.metrics.executorRunTime"":623624,""internal.metrics.input.recordsRead"":4638502,""internal.metrics.peakExecutionMemory"":33793826976,""internal.metrics.executorDeserializeTime"":547,""internal.metrics.shuffle.write.writeTime"":6998290645,""internal.metrics.executorDeserializeCpuTime"":500775600,""internal.metrics.shuffle.write.bytesWritten"":15234007027,""internal.metrics.shuffle.write.recordsWritten"":4638502},""numTasks"":155,""partitions"":155,""shuffleOutput"":""RangePartitioning(account_id, ts, CAST((_nondeterministic * 1500.0D) AS INT))"",""taskMetricsDistributions"":{""duration"":[861.0,3674.0,4094.0,4354.0,6819.0],""jvmGcTime"":[0.0,0.0,10.0,14.0,23.0],""quantiles"":[0.0,0.25,0.5,0.75,1.0],""schedulerDelay"":[2.0,3.0,3.0,4.0,11.0],""executorRunTime"":[854.0,3668.0,4088.0,4343.0,6807.0],""peakExecutionMemory"":[67174384.0,201850832.0,201850832.0,269483968.0,269483968.0],""executorDeserializeTime"":[2.0,2.0,3.0,5.0,8.0],""inputMetrics_recordsRead"":[2341.0,28704.0,31069.0,33509.0,41050.0],""shuffleWriteMetrics_writeBytes"":[8908126.0,93572331.0,101998770.0,109561185.0,133742478.0],""shuffleWriteMetrics_writeRecords"":[2341.0,28704.0,31069.0,33509.0,41050.0]}}"
6992,111,1784570680510,1784570715030,spark_execution,stage,Stage 95,"save at FormatSparkWriter.scala:28 - attempt=0, id=95, jobId=71, numTasks=230, parentStages=(94), partitions=230, shuffleInputs=(RangePartitioning(account_id, ts, CAST((_nondeterministic * 1500.0D) AS INT))), status=succeeded, tfId=23","{""id"":95,""tfId"":23,""jobId"":71,""status"":""succeeded"",""attempt"":0,""metrics"":{""internal.metrics.jvmGCTime"":613,""internal.metrics.resultSize"":2193260,""internal.metrics.executorCpuTime"":235564370100,""internal.metrics.executorRunTime"":933401,""internal.metrics.output.bytesWritten"":4843996390,""internal.metrics.peakExecutionMemory"":35352272688,""internal.metrics.output.recordsWritten"":4638502,""internal.metrics.executorDeserializeTime"":1392,""internal.metrics.resultSerializationTime"":1,""internal.metrics.shuffle.read.recordsRead"":4638502,""internal.metrics.executorDeserializeCpuTime"":1342907600,""internal.metrics.shuffle.read.fetchWaitTime"":370,""internal.metrics.shuffle.read.localBytesRead"":763739926,""internal.metrics.shuffle.read.remoteBytesRead"":14470267101,""internal.metrics.shuffle.read.localBlocksFetched"":1784,""internal.metrics.shuffle.read.remoteReqsDuration"":51100,""internal.metrics.shuffle.read.remoteBlocksFetched"":33865},""numTasks"":230,""partitions"":230,""parentStages"":""(94)"",""shuffleInputs"":""(RangePartitioning(account_id, ts, CAST((_nondeterministic * 1500.0D) AS INT)))"",""taskMetricsDistributions"":{""duration"":[930.0,1415.0,3387.0,5586.0,20127.0],""jvmGcTime"":[0.0,0.0,0.0,0.0,33.0],""quantiles"":[0.0,0.25,0.5,0.75,1.0],""schedulerDelay"":[2.0,3.0,4.0,4.0,8.0],""executorRunTime"":[921.0,1403.0,3376.0,5579.0,20119.0],""peakExecutionMemory"":[67174384.0,134741984.0,134741984.0,201850832.0,268959680.0],""executorDeserializeTime"":[4.0,4.0,5.0,7.0,22.0],""resultSerializationTime"":[0.0,0.0,0.0,0.0,1.0],""outputMetrics_bytesWritten"":[2713071.0,10734162.0,17815179.0,28461011.0,65498601.0],""outputMetrics_recordsWritten"":[1855.0,20035.0,20305.0,20431.0,20766.0],""shuffleReadMetrics_readBytes"":[12801531.0,49565378.0,61416384.0,76164491.0,140991706.0],""shuffleReadMetrics_readRecords"":[1855.0,20035.0,20305.0,20431.0,20766.0]}}"
6992,113,1784570721560,1784570726142,spark_execution,stage,Stage 96,"save at FormatSparkWriter.scala:28 - attempt=0, id=96, jobId=72, numTasks=9, partitions=9, status=succeeded, tfId=24","{""id"":96,""tfId"":24,""jobId"":72,""status"":""succeeded"",""attempt"":0,""metrics"":{""internal.metrics.resultSize"":15769525,""internal.metrics.executorCpuTime"":7520929800,""internal.metrics.executorRunTime"":31374,""internal.metrics.input.recordsRead"":256516,""internal.metrics.executorDeserializeTime"":34,""internal.metrics.resultSerializationTime"":80,""internal.metrics.executorDeserializeCpuTime"":22641600},""numTasks"":9,""partitions"":9,""taskMetricsDistributions"":{""duration"":[2458.0,3240.0,3536.0,3837.0,4579.0],""quantiles"":[0.0,0.25,0.5,0.75,1.0],""schedulerDelay"":[4.0,4.0,5.0,6.0,9.0],""executorRunTime"":[2440.0,3217.0,3506.0,3807.0,4557.0],""gettingResultTime"":[0.0,6.0,7.0,9.0,11.0],""executorDeserializeTime"":[3.0,3.0,4.0,4.0,5.0],""resultSerializationTime"":[5.0,8.0,9.0,11.0,11.0],""inputMetrics_recordsRead"":[15887.0,27711.0,30766.0,33076.0,34973.0]}}"
6992,115,1784570726440,1784570731234,spark_execution,stage,Stage 97,"save at FormatSparkWriter.scala:28 - attempt=0, id=97, jobId=73, numTasks=9, partitions=9, shuffleOutput=RangePartitioning(account_id, ts, CAST((_nondeterministic * 1500.0D) AS INT)), status=succeeded, tfId=24","{""id"":97,""tfId"":24,""jobId"":73,""status"":""succeeded"",""attempt"":0,""metrics"":{""internal.metrics.jvmGCTime"":115,""internal.metrics.resultSize"":45288,""internal.metrics.executorCpuTime"":10831145700,""internal.metrics.executorRunTime"":32876,""internal.metrics.input.recordsRead"":256516,""internal.metrics.peakExecutionMemory"":1885077056,""internal.metrics.executorDeserializeTime"":51,""internal.metrics.shuffle.write.writeTime"":352662460,""internal.metrics.executorDeserializeCpuTime"":37500600,""internal.metrics.shuffle.write.bytesWritten"":853486395,""internal.metrics.shuffle.write.recordsWritten"":256516},""numTasks"":9,""partitions"":9,""shuffleOutput"":""RangePartitioning(account_id, ts, CAST((_nondeterministic * 1500.0D) AS INT))"",""taskMetricsDistributions"":{""duration"":[2563.0,2836.0,3600.0,4285.0,4789.0],""jvmGcTime"":[0.0,0.0,14.0,22.0,30.0],""quantiles"":[0.0,0.25,0.5,0.75,1.0],""schedulerDelay"":[3.0,3.0,3.0,4.0,5.0],""executorRunTime"":[2556.0,2828.0,3590.0,4274.0,4782.0],""peakExecutionMemory"":[134479840.0,201850832.0,201850832.0,269483968.0,269483968.0],""executorDeserializeTime"":[4.0,4.0,6.0,7.0,7.0],""inputMetrics_recordsRead"":[15887.0,27711.0,30766.0,33076.0,34973.0],""shuffleWriteMetrics_writeBytes"":[55758926.0,91706020.0,101058836.0,108002732.0,116610577.0],""shuffleWriteMetrics_writeRecords"":[15887.0,27711.0,30766.0,33076.0,34973.0]}}"
6992,116,1784570731379,1784570754888,spark_execution,stage,Stage 99,"save at FormatSparkWriter.scala:28 - attempt=0, id=99, jobId=74, numTasks=41, parentStages=(98), partitions=41, shuffleInputs=(RangePartitioning(account_id, ts, CAST((_nondeterministic * 1500.0D) AS INT))), status=succeeded, tfId=24","{""id"":99,""tfId"":24,""jobId"":74,""status"":""succeeded"",""attempt"":0,""metrics"":{""internal.metrics.jvmGCTime"":174,""internal.metrics.resultSize"":545766,""internal.metrics.executorCpuTime"":30565899900,""internal.metrics.executorRunTime"":330948,""internal.metrics.output.bytesWritten"":439726535,""internal.metrics.peakExecutionMemory"":2762014064,""internal.metrics.output.recordsWritten"":256516,""internal.metrics.executorDeserializeTime"":358,""internal.metrics.shuffle.read.recordsRead"":256516,""internal.metrics.executorDeserializeCpuTime"":250966500,""internal.metrics.shuffle.read.fetchWaitTime"":46,""internal.metrics.shuffle.read.localBytesRead"":39684690,""internal.metrics.shuffle.read.remoteBytesRead"":813801705,""internal.metrics.shuffle.read.localBlocksFetched"":18,""internal.metrics.shuffle.read.remoteReqsDuration"":4467,""internal.metrics.shuffle.read.remoteBlocksFetched"":351},""numTasks"":41,""partitions"":41,""parentStages"":""(98)"",""shuffleInputs"":""(RangePartitioning(account_id, ts, CAST((_nondeterministic * 1500.0D) AS INT)))"",""taskMetricsDistributions"":{""duration"":[830.0,4275.0,6736.0,10777.0,23497.0],""jvmGcTime"":[0.0,0.0,0.0,0.0,38.0],""quantiles"":[0.0,0.25,0.5,0.75,1.0],""schedulerDelay"":[3.0,4.0,5.0,5.0,6.0],""executorRunTime"":[814.0,4263.0,6722.0,10762.0,23483.0],""peakExecutionMemory"":[67174384.0,67370992.0,67370992.0,67370992.0,67370992.0],""executorDeserializeTime"":[4.0,7.0,9.0,9.0,14.0],""outputMetrics_bytesWritten"":[2142238.0,7221274.0,10541787.0,14211618.0,21602259.0],""outputMetrics_recordsWritten"":[511.0,6385.0,6408.0,6415.0,6464.0],""shuffleReadMetrics_readBytes"":[4106405.0,17583132.0,20413335.0,23405458.0,32786316.0],""shuffleReadMetrics_readRecords"":[511.0,6385.0,6408.0,6415.0,6464.0]}}"
6992,117,1784570759680,1784570775425,spark_execution,stage,Stage 100,"save at FormatSparkWriter.scala:28 - attempt=0, id=100, jobId=75, numTasks=145, partitions=145, status=succeeded, tfId=25","{""id"":100,""tfId"":25,""jobId"":75,""status"":""succeeded"",""attempt"":0,""metrics"":{""internal.metrics.jvmGCTime"":1448,""internal.metrics.resultSize"":178875214,""internal.metrics.executorCpuTime"":132563349700,""internal.metrics.executorRunTime"":529296,""internal.metrics.input.recordsRead"":4340490,""internal.metrics.executorDeserializeTime"":281,""internal.metrics.resultSerializationTime"":979,""internal.metrics.executorDeserializeCpuTime"":255081300},""numTasks"":145,""partitions"":145,""taskMetricsDistributions"":{""duration"":[679.0,3382.0,3677.0,3978.0,6343.0],""jvmGcTime"":[0.0,0.0,7.0,14.0,45.0],""quantiles"":[0.0,0.25,0.5,0.75,1.0],""schedulerDelay"":[2.0,4.0,5.0,6.0,31.0],""executorRunTime"":[672.0,3366.0,3659.0,3959.0,6325.0],""gettingResultTime"":[0.0,5.0,6.0,7.0,40.0],""executorDeserializeTime"":[1.0,1.0,1.0,3.0,6.0],""resultSerializationTime"":[0.0,5.0,6.0,8.0,19.0],""inputMetrics_recordsRead"":[2225.0,28885.0,31358.0,33651.0,41293.0]}}"
6992,119,1784570782365,1784570798666,spark_execution,stage,Stage 101,"save at FormatSparkWriter.scala:28 - attempt=0, id=101, jobId=76, numTasks=145, partitions=145, shuffleOutput=RangePartitioning(account_id, ts, CAST((_nondeterministic * 1500.0D) AS INT)), status=succeeded, tfId=25","{""id"":101,""tfId"":25,""jobId"":76,""status"":""succeeded"",""attempt"":0,""metrics"":{""internal.metrics.jvmGCTime"":1204,""internal.metrics.resultSize"":726632,""internal.metrics.executorCpuTime"":177368818600,""internal.metrics.executorRunTime"":571014,""internal.metrics.input.recordsRead"":4340490,""internal.metrics.peakExecutionMemory"":31842820720,""internal.metrics.executorDeserializeTime"":503,""internal.metrics.shuffle.write.writeTime"":6143653639,""internal.metrics.executorDeserializeCpuTime"":451221800,""internal.metrics.shuffle.write.bytesWritten"":14356282526,""internal.metrics.shuffle.write.recordsWritten"":4340490},""numTasks"":145,""partitions"":145,""shuffleOutput"":""RangePartitioning(account_id, ts, CAST((_nondeterministic * 1500.0D) AS INT))"",""taskMetricsDistributions"":{""duration"":[608.0,3684.0,3963.0,4285.0,6217.0],""jvmGcTime"":[0.0,0.0,10.0,12.0,24.0],""quantiles"":[0.0,0.25,0.5,0.75,1.0],""schedulerDelay"":[2.0,3.0,3.0,5.0,7.0],""executorRunTime"":[601.0,3678.0,3957.0,4279.0,6202.0],""peakExecutionMemory"":[67174384.0,201850832.0,201850832.0,269483968.0,269483968.0],""executorDeserializeTime"":[2.0,2.0,2.0,5.0,9.0],""inputMetrics_recordsRead"":[2225.0,28885.0,31358.0,33651.0,41293.0],""shuffleWriteMetrics_writeBytes"":[8647224.0,94922537.0,103096988.0,110604735.0,134879551.0],""shuffleWriteMetrics_writeRecords"":[2225.0,28885.0,31358.0,33651.0,41293.0]}}"
6992,120,1784570798904,1784570830980,spark_execution,stage,Stage 103,"save at FormatSparkWriter.scala:28 - attempt=0, id=103, jobId=77, numTasks=218, parentStages=(102), partitions=218, shuffleInputs=(RangePartitioning(account_id, ts, CAST((_nondeterministic * 1500.0D) AS INT))), status=succeeded, tfId=25","{""id"":103,""tfId"":25,""jobId"":77,""status"":""succeeded"",""attempt"":0,""metrics"":{""internal.metrics.jvmGCTime"":444,""internal.metrics.resultSize"":2026953,""internal.metrics.executorCpuTime"":181895507800,""internal.metrics.executorRunTime"":814584,""internal.metrics.output.bytesWritten"":4548540440,""internal.metrics.peakExecutionMemory"":32930062704,""internal.metrics.output.recordsWritten"":4340490,""internal.metrics.executorDeserializeTime"":1133,""internal.metrics.shuffle.read.recordsRead"":4340490,""internal.metrics.executorDeserializeCpuTime"":1105477200,""internal.metrics.shuffle.read.fetchWaitTime"":230,""internal.metrics.shuffle.read.localBytesRead"":710811464,""internal.metrics.shuffle.read.remoteBytesRead"":13645471062,""internal.metrics.shuffle.read.localBlocksFetched"":1571,""internal.metrics.shuffle.read.remoteReqsDuration"":39872,""internal.metrics.shuffle.read.remoteBlocksFetched"":30038},""numTasks"":218,""partitions"":218,""parentStages"":""(102)"",""shuffleInputs"":""(RangePartitioning(account_id, ts, CAST((_nondeterministic * 1500.0D) AS INT)))"",""taskMetricsDistributions"":{""duration"":[826.0,1329.0,2777.0,5140.0,19271.0],""jvmGcTime"":[0.0,0.0,0.0,0.0,24.0],""quantiles"":[0.0,0.25,0.5,0.75,1.0],""schedulerDelay"":[2.0,3.0,3.0,4.0,8.0],""executorRunTime"":[817.0,1320.0,2769.0,5133.0,19263.0],""peakExecutionMemory"":[67174384.0,134741984.0,134741984.0,201850832.0,201850832.0],""executorDeserializeTime"":[4.0,4.0,4.0,6.0,12.0],""outputMetrics_bytesWritten"":[2791400.0,10846110.0,17442165.0,28758723.0,62909380.0],""outputMetrics_recordsWritten"":[2183.0,19900.0,19978.0,20054.0,20563.0],""shuffleReadMetrics_readBytes"":[15171460.0,48943631.0,62527848.0,77734383.0,135898286.0],""shuffleReadMetrics_readRecords"":[2183.0,19900.0,19978.0,20054.0,20563.0]}}"
6992,122,1784570836307,1784570840584,spark_execution,stage,Stage 104,"save at FormatSparkWriter.scala:28 - attempt=0, id=104, jobId=78, numTasks=11, partitions=11, status=succeeded, tfId=26","{""id"":104,""tfId"":26,""jobId"":78,""status"":""succeeded"",""attempt"":0,""metrics"":{""internal.metrics.jvmGCTime"":166,""internal.metrics.resultSize"":19428509,""internal.metrics.executorCpuTime"":9890784200,""internal.metrics.executorRunTime"":41334,""internal.metrics.input.recordsRead"":315847,""internal.metrics.executorDeserializeTime"":51,""internal.metrics.resultSerializationTime"":97,""internal.metrics.executorDeserializeCpuTime"":34806900},""numTasks"":11,""partitions"":11,""taskMetricsDistributions"":{""duration"":[2557.0,3608.0,3848.0,4113.0,4275.0],""jvmGcTime"":[0.0,0.0,19.0,26.0,44.0],""quantiles"":[0.0,0.25,0.5,0.75,1.0],""schedulerDelay"":[4.0,4.0,5.0,6.0,11.0],""executorRunTime"":[2544.0,3580.0,3826.0,4085.0,4241.0],""gettingResultTime"":[0.0,6.0,8.0,10.0,12.0],""executorDeserializeTime"":[3.0,3.0,4.0,6.0,7.0],""resultSerializationTime"":[3.0,5.0,6.0,13.0,17.0],""inputMetrics_recordsRead"":[13750.0,25210.0,30467.0,33105.0,35448.0]}}"
6992,124,1784570841083,1784570845852,spark_execution,stage,Stage 105,"save at FormatSparkWriter.scala:28 - attempt=0, id=105, jobId=79, numTasks=11, partitions=11, shuffleOutput=RangePartitioning(account_id, ts, CAST((_nondeterministic * 1500.0D) AS INT)), status=succeeded, tfId=26","{""id"":105,""tfId"":26,""jobId"":79,""status"":""succeeded"",""attempt"":0,""metrics"":{""internal.metrics.jvmGCTime"":24,""internal.metrics.resultSize"":55114,""internal.metrics.executorCpuTime"":12941498000,""internal.metrics.executorRunTime"":39713,""internal.metrics.input.recordsRead"":315847,""internal.metrics.peakExecutionMemory"":2355887568,""internal.metrics.executorDeserializeTime"":65,""internal.metrics.shuffle.write.writeTime"":437346003,""internal.metrics.executorDeserializeCpuTime"":45764600,""internal.metrics.shuffle.write.bytesWritten"":1047180177,""internal.metrics.shuffle.write.recordsWritten"":315847},""numTasks"":11,""partitions"":11,""shuffleOutput"":""RangePartitioning(account_id, ts, CAST((_nondeterministic * 1500.0D) AS INT))"",""taskMetricsDistributions"":{""duration"":[2344.0,3179.0,3756.0,4115.0,4760.0],""jvmGcTime"":[0.0,0.0,0.0,0.0,24.0],""quantiles"":[0.0,0.25,0.5,0.75,1.0],""schedulerDelay"":[2.0,3.0,3.0,4.0,4.0],""executorRunTime"":[2335.0,3170.0,3745.0,4108.0,4752.0],""peakExecutionMemory"":[134479840.0,201850832.0,201850832.0,269483968.0,269483968.0],""executorDeserializeTime"":[4.0,5.0,6.0,7.0,8.0],""inputMetrics_recordsRead"":[13750.0,25210.0,30467.0,33105.0,35448.0],""shuffleWriteMetrics_writeBytes"":[48754695.0,83813637.0,100659848.0,109357943.0,116895787.0],""shuffleWriteMetrics_writeRecords"":[13750.0,25210.0,30467.0,33105.0,35448.0]}}"
6992,125,1784570845962,1784570873780,spark_execution,stage,Stage 107,"save at FormatSparkWriter.scala:28 - attempt=0, id=107, jobId=80, numTasks=41, parentStages=(106), partitions=41, shuffleInputs=(RangePartitioning(account_id, ts, CAST((_nondeterministic * 1500.0D) AS INT))), status=succeeded, tfId=26","{""id"":107,""tfId"":26,""jobId"":80,""status"":""succeeded"",""attempt"":0,""metrics"":{""internal.metrics.jvmGCTime"":93,""internal.metrics.resultSize"":554461,""internal.metrics.executorCpuTime"":32962393500,""internal.metrics.executorRunTime"":369093,""internal.metrics.output.bytesWritten"":503778402,""internal.metrics.peakExecutionMemory"":2829122912,""internal.metrics.output.recordsWritten"":315847,""internal.metrics.executorDeserializeTime"":389,""internal.metrics.shuffle.read.recordsRead"":315847,""internal.metrics.executorDeserializeCpuTime"":283849600,""internal.metrics.shuffle.read.fetchWaitTime"":5,""internal.metrics.shuffle.read.localBytesRead"":51458668,""internal.metrics.shuffle.read.remoteBytesRead"":995721509,""internal.metrics.shuffle.read.localBlocksFetched"":23,""internal.metrics.shuffle.read.remoteReqsDuration"":5292,""internal.metrics.shuffle.read.remoteBlocksFetched"":428},""numTasks"":41,""partitions"":41,""parentStages"":""(106)"",""shuffleInputs"":""(RangePartitioning(account_id, ts, CAST((_nondeterministic * 1500.0D) AS INT)))"",""taskMetricsDistributions"":{""duration"":[768.0,5510.0,7782.0,12219.0,27806.0],""jvmGcTime"":[0.0,0.0,0.0,0.0,33.0],""quantiles"":[0.0,0.25,0.5,0.75,1.0],""schedulerDelay"":[2.0,4.0,4.0,5.0,6.0],""executorRunTime"":[760.0,5499.0,7770.0,12205.0,27793.0],""peakExecutionMemory"":[67174384.0,67370992.0,67370992.0,67370992.0,134479840.0],""executorDeserializeTime"":[5.0,7.0,9.0,10.0,19.0],""outputMetrics_bytesWritten"":[2367611.0,8740315.0,12764308.0,16109424.0,25155401.0],""outputMetrics_recordsWritten"":[568.0,7834.0,7894.0,7898.0,7991.0],""shuffleReadMetrics_readBytes"":[4655666.0,21465222.0,24908118.0,28154438.0,41386541.0],""shuffleReadMetrics_readRecords"":[568.0,7834.0,7894.0,7898.0,7991.0]}}"
6992,126,1784570877149,1784570892250,spark_execution,stage,Stage 108,"save at FormatSparkWriter.scala:28 - attempt=0, id=108, jobId=81, numTasks=144, partitions=144, status=succeeded, tfId=27","{""id"":108,""tfId"":27,""jobId"":81,""status"":""succeeded"",""attempt"":0,""metrics"":{""internal.metrics.jvmGCTime"":1592,""internal.metrics.resultSize"":179707921,""internal.metrics.executorCpuTime"":130119638200,""internal.metrics.executorRunTime"":528256,""internal.metrics.input.recordsRead"":4338563,""internal.metrics.executorDeserializeTime"":265,""internal.metrics.resultSerializationTime"":921,""internal.metrics.executorDeserializeCpuTime"":237485700},""numTasks"":144,""partitions"":144,""taskMetricsDistributions"":{""duration"":[765.0,3412.0,3624.0,4022.0,5807.0],""jvmGcTime"":[0.0,0.0,9.0,16.0,54.0],""quantiles"":[0.0,0.25,0.5,0.75,1.0],""schedulerDelay"":[2.0,4.0,5.0,7.0,24.0],""executorRunTime"":[759.0,3400.0,3604.0,3995.0,5779.0],""gettingResultTime"":[0.0,5.0,6.0,7.0,24.0],""executorDeserializeTime"":[0.0,1.0,1.0,3.0,6.0],""resultSerializationTime"":[0.0,6.0,6.0,8.0,12.0],""inputMetrics_recordsRead"":[2082.0,28861.0,31386.0,33660.0,40122.0]}}"
6992,128,1784570899088,1784570915412,spark_execution,stage,Stage 109,"save at FormatSparkWriter.scala:28 - attempt=0, id=109, jobId=82, numTasks=144, partitions=144, shuffleOutput=RangePartitioning(account_id, ts, CAST((_nondeterministic * 1500.0D) AS INT)), status=succeeded, tfId=27","{""id"":109,""tfId"":27,""jobId"":82,""status"":""succeeded"",""attempt"":0,""metrics"":{""internal.metrics.jvmGCTime"":1080,""internal.metrics.resultSize"":713385,""internal.metrics.executorCpuTime"":170815805400,""internal.metrics.executorRunTime"":567791,""internal.metrics.input.recordsRead"":4338563,""internal.metrics.peakExecutionMemory"":31640707744,""internal.metrics.executorDeserializeTime"":454,""internal.metrics.resultSerializationTime"":2,""internal.metrics.shuffle.write.writeTime"":5870579468,""internal.metrics.executorDeserializeCpuTime"":410615300,""internal.metrics.shuffle.write.bytesWritten"":14301243522,""internal.metrics.shuffle.write.recordsWritten"":4338563},""numTasks"":144,""partitions"":144,""shuffleOutput"":""RangePartitioning(account_id, ts, CAST((_nondeterministic * 1500.0D) AS INT))"",""taskMetricsDistributions"":{""duration"":[888.0,3707.0,3983.0,4282.0,5708.0],""jvmGcTime"":[0.0,0.0,10.0,11.0,15.0],""quantiles"":[0.0,0.25,0.5,0.75,1.0],""schedulerDelay"":[2.0,3.0,3.0,4.0,7.0],""executorRunTime"":[880.0,3701.0,3976.0,4270.0,5703.0],""peakExecutionMemory"":[67174384.0,201850832.0,201850832.0,269483968.0,269483968.0],""executorDeserializeTime"":[1.0,2.0,2.0,5.0,7.0],""resultSerializationTime"":[0.0,0.0,0.0,0.0,2.0],""inputMetrics_recordsRead"":[2082.0,28861.0,31386.0,33660.0,40122.0],""shuffleWriteMetrics_writeBytes"":[8117952.0,94469706.0,103160546.0,110780562.0,131676920.0],""shuffleWriteMetrics_writeRecords"":[2082.0,28861.0,31386.0,33660.0,40122.0]}}"
6992,129,1784570915697,1784570951021,spark_execution,stage,Stage 111,"save at FormatSparkWriter.scala:28 - attempt=0, id=111, jobId=83, numTasks=217, parentStages=(110), partitions=217, shuffleInputs=(RangePartitioning(account_id, ts, CAST((_nondeterministic * 1500.0D) AS INT))), status=succeeded, tfId=27","{""id"":111,""tfId"":27,""jobId"":83,""status"":""succeeded"",""attempt"":0,""metrics"":{""internal.metrics.jvmGCTime"":351,""internal.metrics.resultSize"":2014627,""internal.metrics.executorCpuTime"":182563918800,""internal.metrics.executorRunTime"":809898,""internal.metrics.output.bytesWritten"":4525104145,""internal.metrics.peakExecutionMemory"":32996647264,""internal.metrics.output.recordsWritten"":4338563,""internal.metrics.executorDeserializeTime"":1112,""internal.metrics.shuffle.read.recordsRead"":4338563,""internal.metrics.executorDeserializeCpuTime"":1087602000,""internal.metrics.shuffle.read.localBytesRead"":719489888,""internal.metrics.shuffle.read.remoteBytesRead"":13581753634,""internal.metrics.shuffle.read.localBlocksFetched"":1569,""internal.metrics.shuffle.read.remoteReqsDuration"":40107,""internal.metrics.shuffle.read.remoteBlocksFetched"":29669},""numTasks"":217,""partitions"":217,""parentStages"":""(110)"",""shuffleInputs"":""(RangePartitioning(account_id, ts, CAST((_nondeterministic * 1500.0D) AS INT)))"",""taskMetricsDistributions"":{""duration"":[559.0,1206.0,2830.0,5034.0,23247.0],""jvmGcTime"":[0.0,0.0,0.0,0.0,19.0],""quantiles"":[0.0,0.25,0.5,0.75,1.0],""schedulerDelay"":[2.0,3.0,3.0,4.0,6.0],""executorRunTime"":[552.0,1197.0,2824.0,5022.0,23239.0],""peakExecutionMemory"":[67174384.0,134741984.0,134741984.0,201850832.0,268959680.0],""executorDeserializeTime"":[4.0,4.0,4.0,5.0,11.0],""outputMetrics_bytesWritten"":[1157520.0,11214874.0,17855452.0,28267030.0,62952301.0],""outputMetrics_recordsWritten"":[419.0,19910.0,20033.0,20264.0,20636.0],""shuffleReadMetrics_readBytes"":[2350995.0,48818159.0,61309120.0,78502171.0,136076965.0],""shuffleReadMetrics_readRecords"":[419.0,19910.0,20033.0,20264.0,20636.0]}}"
6992,131,1784570956116,1784570960527,spark_execution,stage,Stage 112,"save at FormatSparkWriter.scala:28 - attempt=0, id=112, jobId=84, numTasks=9, partitions=9, status=succeeded, tfId=28","{""id"":112,""tfId"":28,""jobId"":84,""status"":""succeeded"",""attempt"":0,""metrics"":{""internal.metrics.jvmGCTime"":84,""internal.metrics.resultSize"":15906406,""internal.metrics.executorCpuTime"":7556604800,""internal.metrics.executorRunTime"":31359,""internal.metrics.input.recordsRead"":258617,""internal.metrics.executorDeserializeTime"":33,""internal.metrics.resultSerializationTime"":81,""internal.metrics.executorDeserializeCpuTime"":22244600},""numTasks"":9,""partitions"":9,""taskMetricsDistributions"":{""duration"":[2263.0,3343.0,3693.0,3896.0,4404.0],""jvmGcTime"":[0.0,0.0,0.0,21.0,22.0],""quantiles"":[0.0,0.25,0.5,0.75,1.0],""schedulerDelay"":[4.0,4.0,5.0,6.0,7.0],""executorRunTime"":[2240.0,3324.0,3670.0,3862.0,4386.0],""gettingResultTime"":[6.0,7.0,8.0,9.0,10.0],""executorDeserializeTime"":[3.0,3.0,4.0,4.0,5.0],""resultSerializationTime"":[4.0,6.0,8.0,10.0,16.0],""inputMetrics_recordsRead"":[18273.0,28123.0,30864.0,33018.0,34962.0]}}"
6992,133,1784570960836,1784570965306,spark_execution,stage,Stage 113,"save at FormatSparkWriter.scala:28 - attempt=0, id=113, jobId=85, numTasks=9, partitions=9, shuffleOutput=RangePartitioning(account_id, ts, CAST((_nondeterministic * 1500.0D) AS INT)), status=succeeded, tfId=28","{""id"":113,""tfId"":28,""jobId"":85,""status"":""succeeded"",""attempt"":0,""metrics"":{""internal.metrics.jvmGCTime"":72,""internal.metrics.resultSize"":44606,""internal.metrics.executorCpuTime"":10280617900,""internal.metrics.executorRunTime"":30304,""internal.metrics.input.recordsRead"":258617,""internal.metrics.peakExecutionMemory"":1885339200,""internal.metrics.executorDeserializeTime"":55,""internal.metrics.shuffle.write.writeTime"":339185185,""internal.metrics.executorDeserializeCpuTime"":38389400,""internal.metrics.shuffle.write.bytesWritten"":860865407,""internal.metrics.shuffle.write.recordsWritten"":258617},""numTasks"":9,""partitions"":9,""shuffleOutput"":""RangePartitioning(account_id, ts, CAST((_nondeterministic * 1500.0D) AS INT))"",""taskMetricsDistributions"":{""duration"":[1911.0,3286.0,3618.0,3681.0,4461.0],""jvmGcTime"":[0.0,0.0,0.0,16.0,21.0],""quantiles"":[0.0,0.25,0.5,0.75,1.0],""schedulerDelay"":[2.0,3.0,3.0,4.0,4.0],""executorRunTime"":[1904.0,3276.0,3611.0,3670.0,4454.0],""peakExecutionMemory"":[134741984.0,201850832.0,201850832.0,269483968.0,269483968.0],""executorDeserializeTime"":[4.0,5.0,6.0,7.0,9.0],""inputMetrics_recordsRead"":[18273.0,28123.0,30864.0,33018.0,34962.0],""shuffleWriteMetrics_writeBytes"":[63595920.0,92342232.0,101892893.0,108109259.0,116296162.0],""shuffleWriteMetrics_writeRecords"":[18273.0,28123.0,30864.0,33018.0,34962.0]}}"
6992,134,1784570965486,1784570994028,spark_execution,stage,Stage 115,"save at FormatSparkWriter.scala:28 - attempt=0, id=115, jobId=86, numTasks=41, parentStages=(114), partitions=41, shuffleInputs=(RangePartitioning(account_id, ts, CAST((_nondeterministic * 1500.0D) AS INT))), status=succeeded, tfId=28","{""id"":115,""tfId"":28,""jobId"":86,""status"":""succeeded"",""attempt"":0,""metrics"":{""internal.metrics.jvmGCTime"":168,""internal.metrics.resultSize"":548193,""internal.metrics.executorCpuTime"":28840559300,""internal.metrics.executorRunTime"":358717,""internal.metrics.output.bytesWritten"":443372268,""internal.metrics.peakExecutionMemory"":2762014064,""internal.metrics.output.recordsWritten"":258617,""internal.metrics.executorDeserializeTime"":350,""internal.metrics.shuffle.read.recordsRead"":258617,""internal.metrics.executorDeserializeCpuTime"":236906700,""internal.metrics.shuffle.read.fetchWaitTime"":30,""internal.metrics.shuffle.read.localBytesRead"":39461045,""internal.metrics.shuffle.read.remoteBytesRead"":821404362,""internal.metrics.shuffle.read.localBlocksFetched"":19,""internal.metrics.shuffle.read.remoteReqsDuration"":4614,""internal.metrics.shuffle.read.remoteBlocksFetched"":350},""numTasks"":41,""partitions"":41,""parentStages"":""(114)"",""shuffleInputs"":""(RangePartitioning(account_id, ts, CAST((_nondeterministic * 1500.0D) AS INT)))"",""taskMetricsDistributions"":{""duration"":[673.0,4646.0,7120.0,11764.0,28530.0],""jvmGcTime"":[0.0,0.0,0.0,0.0,33.0],""quantiles"":[0.0,0.25,0.5,0.75,1.0],""schedulerDelay"":[3.0,4.0,4.0,5.0,6.0],""executorRunTime"":[661.0,4632.0,7105.0,11752.0,28519.0],""peakExecutionMemory"":[67174384.0,67370992.0,67370992.0,67370992.0,67370992.0],""executorDeserializeTime"":[4.0,8.0,9.0,9.0,14.0],""outputMetrics_bytesWritten"":[2149778.0,7424703.0,10113732.0,14131147.0,22590730.0],""outputMetrics_recordsWritten"":[568.0,6437.0,6442.0,6465.0,6518.0],""shuffleReadMetrics_readBytes"":[4511249.0,17734037.0,19896744.0,23889405.0,33252954.0],""shuffleReadMetrics_readRecords"":[568.0,6437.0,6442.0,6465.0,6518.0]}}"
6992,135,1784570997658,1784571011872,spark_execution,stage,Stage 116,"save at FormatSparkWriter.scala:28 - attempt=0, id=116, jobId=87, numTasks=147, partitions=147, status=succeeded, tfId=29","{""id"":116,""tfId"":29,""jobId"":87,""status"":""succeeded"",""attempt"":0,""metrics"":{""internal.metrics.jvmGCTime"":1222,""internal.metrics.resultSize"":179260042,""internal.metrics.executorCpuTime"":121130025900,""internal.metrics.executorRunTime"":517598,""internal.metrics.input.recordsRead"":4408642,""internal.metrics.executorDeserializeTime"":266,""internal.metrics.resultSerializationTime"":813,""internal.metrics.executorDeserializeCpuTime"":209472000},""numTasks"":147,""partitions"":147,""taskMetricsDistributions"":{""duration"":[653.0,3259.0,3548.0,3828.0,6519.0],""jvmGcTime"":[0.0,0.0,8.0,12.0,45.0],""quantiles"":[0.0,0.25,0.5,0.75,1.0],""schedulerDelay"":[2.0,4.0,4.0,5.0,9.0],""executorRunTime"":[647.0,3244.0,3531.0,3810.0,6497.0],""gettingResultTime"":[0.0,5.0,5.0,6.0,9.0],""executorDeserializeTime"":[0.0,1.0,1.0,3.0,5.0],""resultSerializationTime"":[0.0,5.0,6.0,7.0,8.0],""inputMetrics_recordsRead"":[2131.0,28736.0,31333.0,33574.0,40480.0]}}"
6992,137,1784571018563,1784571035153,spark_execution,stage,Stage 117,"save at FormatSparkWriter.scala:28 - attempt=0, id=117, jobId=88, numTasks=147, partitions=147, shuffleOutput=RangePartitioning(account_id, ts, CAST((_nondeterministic * 1500.0D) AS INT)), status=succeeded, tfId=29","{""id"":117,""tfId"":29,""jobId"":88,""status"":""succeeded"",""attempt"":0,""metrics"":{""internal.metrics.jvmGCTime"":1183,""internal.metrics.resultSize"":734924,""internal.metrics.executorCpuTime"":169304184000,""internal.metrics.executorRunTime"":575221,""internal.metrics.input.recordsRead"":4408642,""internal.metrics.peakExecutionMemory"":32180068896,""internal.metrics.executorDeserializeTime"":455,""internal.metrics.shuffle.write.writeTime"":5897749495,""internal.metrics.executorDeserializeCpuTime"":406999600,""internal.metrics.shuffle.write.bytesWritten"":14584763126,""internal.metrics.shuffle.write.recordsWritten"":4408642},""numTasks"":147,""partitions"":147,""shuffleOutput"":""RangePartitioning(account_id, ts, CAST((_nondeterministic * 1500.0D) AS INT))"",""taskMetricsDistributions"":{""duration"":[571.0,3611.0,3907.0,4293.0,6435.0],""jvmGcTime"":[0.0,0.0,9.0,11.0,104.0],""quantiles"":[0.0,0.25,0.5,0.75,1.0],""schedulerDelay"":[2.0,3.0,3.0,4.0,7.0],""executorRunTime"":[566.0,3606.0,3902.0,4287.0,6425.0],""peakExecutionMemory"":[67174384.0,201850832.0,201850832.0,269483968.0,269483968.0],""executorDeserializeTime"":[2.0,2.0,2.0,5.0,7.0],""inputMetrics_recordsRead"":[2131.0,28736.0,31333.0,33574.0,40480.0],""shuffleWriteMetrics_writeBytes"":[8222870.0,94955250.0,103421414.0,110575233.0,133310047.0],""shuffleWriteMetrics_writeRecords"":[2131.0,28736.0,31333.0,33574.0,40480.0]}}"
6992,138,1784571035393,1784571066623,spark_execution,stage,Stage 119,"save at FormatSparkWriter.scala:28 - attempt=0, id=119, jobId=89, numTasks=220, parentStages=(118), partitions=220, shuffleInputs=(RangePartitioning(account_id, ts, CAST((_nondeterministic * 1500.0D) AS INT))), status=succeeded, tfId=29","{""id"":119,""tfId"":29,""jobId"":89,""status"":""succeeded"",""attempt"":0,""metrics"":{""internal.metrics.jvmGCTime"":448,""internal.metrics.resultSize"":2036949,""internal.metrics.executorCpuTime"":190018677100,""internal.metrics.executorRunTime"":832439,""internal.metrics.output.bytesWritten"":4614011912,""internal.metrics.peakExecutionMemory"":33334223120,""internal.metrics.output.recordsWritten"":4408642,""internal.metrics.executorDeserializeTime"":1132,""internal.metrics.resultSerializationTime"":1,""internal.metrics.shuffle.read.recordsRead"":4408642,""internal.metrics.executorDeserializeCpuTime"":1103757000,""internal.metrics.shuffle.read.localBytesRead"":722516029,""internal.metrics.shuffle.read.remoteBytesRead"":13862247097,""internal.metrics.shuffle.read.localBlocksFetched"":1602,""internal.metrics.shuffle.read.remoteReqsDuration"":42239,""internal.metrics.shuffle.read.remoteBlocksFetched"":30738},""numTasks"":220,""partitions"":220,""parentStages"":""(118)"",""shuffleInputs"":""(RangePartitioning(account_id, ts, CAST((_nondeterministic * 1500.0D) AS INT)))"",""taskMetricsDistributions"":{""duration"":[783.0,1312.0,2843.0,5054.0,17943.0],""jvmGcTime"":[0.0,0.0,0.0,0.0,23.0],""quantiles"":[0.0,0.25,0.5,0.75,1.0],""schedulerDelay"":[2.0,3.0,3.0,4.0,6.0],""executorRunTime"":[777.0,1304.0,2836.0,5047.0,17936.0],""peakExecutionMemory"":[67633136.0,134741984.0,134741984.0,201850832.0,268959680.0],""executorDeserializeTime"":[4.0,4.0,4.0,5.0,17.0],""resultSerializationTime"":[0.0,0.0,0.0,0.0,1.0],""outputMetrics_bytesWritten"":[1473694.0,10897439.0,17711738.0,28499012.0,65932080.0],""outputMetrics_recordsWritten"":[18067.0,19873.0,20035.0,20240.0,20440.0],""shuffleReadMetrics_readBytes"":[25229341.0,49327665.0,62381104.0,78246258.0,136168547.0],""shuffleReadMetrics_readRecords"":[18067.0,19873.0,20035.0,20240.0,20440.0]}}"
